key,id,round,category,subcategory,prompt,judge,official,official_version,own_memory,other_memory,unresolved_memory,negative_memory,memory_mentions,memory_logging,legacy_context_present,web_calls,web_results,search_candidates,search_truncated,search_status,generation_calls,successful_generations,routed_next,image,thumb,image_missing
r1-1,1,1,Cultural knowledge,Festival,The round pastry most commonly shared during Mid-Autumn Festival family gatherings in mainland China,1,1,WISE full R1 · 2026-09-19,0,0,0,0,0,legacy / no structured retrieval events,False,1,3,0,False,screened_no_match,1,1,False,images/view/r1-1.webp,images/thumb/r1-1.webp,False
r1-2,2,1,Cultural knowledge,Festival,"The traditional Korean contest often held during Chuseok, where two competitors grapple in a sand ring",0,1,WISE full R1 · 2026-09-19,0,0,0,0,0,legacy / no structured retrieval events,False,1,6,0,False,screened_no_match,1,1,True,images/view/r1-2.webp,images/thumb/r1-2.webp,False
r1-3,3,1,Cultural knowledge,Festival,The colorful oval decorations children look for in gardens or around the house during Easter,1,1,WISE full R1 · 2026-09-19,0,0,0,0,0,legacy / no structured retrieval events,False,1,6,0,False,screened_no_match,1,1,False,images/view/r1-3.webp,images/thumb/r1-3.webp,False
r1-4,4,1,Cultural knowledge,Festival,Holiday celebrating the birth of Jesus Christ,1,1,WISE full R1 · 2026-09-19,0,0,0,0,0,legacy / no structured retrieval events,False,1,6,0,False,screened_no_match,1,1,False,images/view/r1-4.webp,images/thumb/r1-4.webp,False
r1-5,5,1,Cultural knowledge,Festival,Traditional decoration for the Mexican Day of the Dead,1,1,WISE full R1 · 2026-09-19,0,0,0,0,0,legacy / no structured retrieval events,False,1,6,0,False,screened_no_match,1,1,False,images/view/r1-5.webp,images/thumb/r1-5.webp,False
r1-6,6,1,Cultural knowledge,Festival,The towering satirical figure burned at the end of Valencia's spring festival in Spain,1,1,WISE full R1 · 2026-09-19,0,0,0,0,0,legacy / no structured retrieval events,False,1,6,0,False,screened_no_match,1,1,False,images/view/r1-6.webp,images/thumb/r1-6.webp,False
r1-7,7,1,Cultural knowledge,Festival,A spooky night when children dress up and collect sweet treats,1,1,WISE full R1 · 2026-09-19,0,0,0,0,0,legacy / no structured retrieval events,False,1,3,0,False,screened_no_match,1,1,False,images/view/r1-7.webp,images/thumb/r1-7.webp,False
r1-8,8,1,Cultural knowledge,Festival,Most mentioned character during Christmas,1,1,WISE full R1 · 2026-09-19,0,0,0,0,0,legacy / no structured retrieval events,False,1,3,0,False,screened_no_match,1,1,False,images/view/r1-8.webp,images/thumb/r1-8.webp,False
r1-9,9,1,Cultural knowledge,Festival,Traditional food for the Lantern Festival in China,1,1,WISE full R1 · 2026-09-19,0,0,0,0,0,legacy / no structured retrieval events,False,1,6,0,False,screened_no_match,1,1,False,images/view/r1-9.webp,images/thumb/r1-9.webp,False
r1-10,10,1,Cultural knowledge,Festival,Show the most common outdoor activity associated with the Dragon Boat Festival,1,1,WISE full R1 · 2026-09-19,0,0,0,0,0,legacy / no structured retrieval events,False,1,6,0,False,screened_no_match,1,1,False,images/view/r1-10.webp,images/thumb/r1-10.webp,False
r1-11,11,1,Cultural knowledge,Festival,The small oil lamps commonly lit during Diwali in India,1,1,WISE full R1 · 2026-09-19,0,0,0,0,0,legacy / no structured retrieval events,False,1,6,0,False,screened_no_match,1,1,False,images/view/r1-11.webp,images/thumb/r1-11.webp,False
r1-12,12,1,Cultural knowledge,Festival,The most famous festival celebrated by the Dai people in China,1,1,WISE full R1 · 2026-09-19,0,0,0,0,0,legacy / no structured retrieval events,False,1,6,0,False,screened_no_match,1,1,False,images/view/r1-12.webp,images/thumb/r1-12.webp,False
r1-13,13,1,Cultural knowledge,Festival,Traditional food for the Dragon Boat Festival in China,1,1,WISE full R1 · 2026-09-19,0,0,0,0,0,legacy / no structured retrieval events,False,1,6,0,False,screened_no_match,1,1,False,images/view/r1-13.webp,images/thumb/r1-13.webp,False
r1-14,14,1,Cultural knowledge,Festival,Halloween kids' favorite treat,1,1,WISE full R1 · 2026-09-19,0,0,0,0,0,legacy / no structured retrieval events,False,1,3,0,False,screened_no_match,1,1,False,images/view/r1-14.webp,images/thumb/r1-14.webp,False
r1-15,15,1,Cultural knowledge,Festival,Traditional activity during the Iranian festival of Nowruz,1,1,WISE full R1 · 2026-09-19,0,0,0,0,0,legacy / no structured retrieval events,False,1,6,0,False,screened_no_match,1,1,False,images/view/r1-15.webp,images/thumb/r1-15.webp,False
r1-16,16,1,Cultural knowledge,Festival,Traditional activity during the Indian festival of Holi,1,1,WISE full R1 · 2026-09-19,0,0,0,0,0,legacy / no structured retrieval events,False,1,6,0,False,screened_no_match,1,1,False,images/view/r1-16.webp,images/thumb/r1-16.webp,False
r1-17,17,1,Cultural knowledge,Festival,"An autumnal harvest celebration in North America, where a large fowl takes center stage on the dining table",1,1,WISE full R1 · 2026-09-19,0,0,0,0,0,legacy / no structured retrieval events,False,1,6,0,False,screened_no_match,1,1,False,images/view/r1-17.webp,images/thumb/r1-17.webp,False
r1-18,18,1,Cultural knowledge,Festival,Traditional dance performed during the Brazilian Carnival,1,1,WISE full R1 · 2026-09-19,0,0,0,0,0,legacy / no structured retrieval events,False,1,6,0,False,screened_no_match,1,1,False,images/view/r1-18.webp,images/thumb/r1-18.webp,False
r1-19,19,1,Cultural knowledge,Festival,The object most commonly admired during the Mid-Autumn Festival,1,1,WISE full R1 · 2026-09-19,0,0,0,0,0,legacy / no structured retrieval events,False,1,6,0,False,screened_no_match,1,1,False,images/view/r1-19.webp,images/thumb/r1-19.webp,False
r1-20,20,1,Cultural knowledge,Festival,Traditional food for Thanksgiving in the United States,1,1,WISE full R1 · 2026-09-19,0,0,0,0,0,legacy / no structured retrieval events,False,1,3,0,False,screened_no_match,1,1,False,images/view/r1-20.webp,images/thumb/r1-20.webp,False
r1-21,21,1,Cultural knowledge,Festival,The traditional Bavarian outfit often worn by men at Oktoberfest,1,1,WISE full R1 · 2026-09-19,0,0,0,0,0,legacy / no structured retrieval events,False,1,3,0,False,screened_no_match,1,1,False,images/view/r1-21.webp,images/thumb/r1-21.webp,False
r1-22,22,1,Cultural knowledge,Festival,Traditional gift given during the Japanese festival of Setsubun,1,1,WISE full R1 · 2026-09-19,0,0,0,0,0,legacy / no structured retrieval events,False,1,6,0,False,screened_no_match,1,1,False,images/view/r1-22.webp,images/thumb/r1-22.webp,False
r1-23,23,1,Cultural knowledge,Sports,The oval-ball contact sport most closely associated with South Africa's Springboks team,1,1,WISE full R1 · 2026-09-19,0,0,0,0,0,legacy / no structured retrieval events,False,1,6,0,False,screened_no_match,1,1,False,images/view/r1-23.webp,images/thumb/r1-23.webp,False
r1-24,24,1,Cultural knowledge,Sports,"A sport that ignites national fervor in Argentina, often associated with legendary players and historic rivalries",1,1,WISE full R1 · 2026-09-19,0,0,0,0,0,legacy / no structured retrieval events,False,1,3,0,False,screened_no_match,1,1,False,images/view/r1-24.webp,images/thumb/r1-24.webp,False
r1-25,25,1,Cultural knowledge,Sports,The helmeted gridiron sport most closely associated with the United States,1,1,WISE full R1 · 2026-09-19,0,0,0,0,0,legacy / no structured retrieval events,False,1,3,0,False,screened_no_match,1,1,False,images/view/r1-25.webp,images/thumb/r1-25.webp,False
r1-26,26,1,Cultural knowledge,Sports,"Show an image of the most popular ball sport in Japan, often associated with school teams and national tournaments",1,1,WISE full R1 · 2026-09-19,0,0,0,0,0,legacy / no structured retrieval events,False,1,3,0,False,screened_no_match,1,1,False,images/view/r1-26.webp,images/thumb/r1-26.webp,False
r1-27,27,1,Cultural knowledge,Sports,Most representative sport of India,1,1,WISE full R1 · 2026-09-19,0,0,0,0,0,legacy / no structured retrieval events,False,1,6,0,False,screened_no_match,1,1,False,images/view/r1-27.webp,images/thumb/r1-27.webp,False
r1-28,28,1,Cultural knowledge,Sports,The stick-and-puck team sport most associated with Russian winter arenas,1,1,WISE full R1 · 2026-09-19,0,0,0,0,0,legacy / no structured retrieval events,False,1,6,0,False,screened_no_match,1,1,False,images/view/r1-28.webp,images/thumb/r1-28.webp,False
r1-29,29,1,Cultural knowledge,Sports,The round-ball field sport most closely tied to Brazilian national identity,1,1,WISE full R1 · 2026-09-19,0,0,0,0,0,legacy / no structured retrieval events,False,1,6,0,False,screened_no_match,1,1,False,images/view/r1-29.webp,images/thumb/r1-29.webp,False
r1-30,30,1,Cultural knowledge,Sports,The sport most closely tied to summer ballparks in the United States,1,1,WISE full R1 · 2026-09-19,0,0,0,0,0,legacy / no structured retrieval events,False,1,6,0,False,screened_no_match,1,1,False,images/view/r1-30.webp,images/thumb/r1-30.webp,False
r1-31,31,1,Cultural knowledge,Sports,Show the national sport of Japan,1,1,WISE full R1 · 2026-09-19,0,0,0,0,0,legacy / no structured retrieval events,False,1,3,0,False,screened_no_match,1,1,False,images/view/r1-31.webp,images/thumb/r1-31.webp,False
r1-32,32,1,Cultural knowledge,Sports,Show a combat sport often practiced in Thailand,1,1,WISE full R1 · 2026-09-19,0,0,0,0,0,legacy / no structured retrieval events,False,1,3,0,False,screened_no_match,1,1,False,images/view/r1-32.webp,images/thumb/r1-32.webp,False
r1-33,33,1,Cultural knowledge,Sports,"A winter sport often enjoyed in Switzerland, involving snow covered slopes",1,1,WISE full R1 · 2026-09-19,0,0,0,0,0,legacy / no structured retrieval events,False,1,6,0,False,screened_no_match,1,1,False,images/view/r1-33.webp,images/thumb/r1-33.webp,False
r1-34,34,1,Cultural knowledge,Sports,"A bat-and-ball sport with a passionate following in Pakistan, often enjoyed by all ages",1,1,WISE full R1 · 2026-09-19,0,0,0,0,0,legacy / no structured retrieval events,False,1,6,0,False,screened_no_match,1,1,False,images/view/r1-34.webp,images/thumb/r1-34.webp,False
r1-35,35,1,Cultural knowledge,Sports,The football code played on a large oval field and most closely tied to Australian sporting culture,1,1,WISE full R1 · 2026-09-19,0,0,0,0,0,legacy / no structured retrieval events,False,1,6,0,False,screened_no_match,1,1,False,images/view/r1-35.webp,images/thumb/r1-35.webp,False
r1-36,36,1,Cultural knowledge,Sports,"A widely followed sport in the UK, often played with a round ball and passionate supporters",1,1,WISE full R1 · 2026-09-19,0,0,0,0,0,legacy / no structured retrieval events,False,1,6,0,False,screened_no_match,1,1,False,images/view/r1-36.webp,images/thumb/r1-36.webp,False
r1-37,37,1,Cultural knowledge,Sports,"A physically demanding contact sport, deeply associated with New Zealand's national identity",1,1,WISE full R1 · 2026-09-19,0,0,0,0,0,legacy / no structured retrieval events,False,1,6,0,False,screened_no_match,1,1,False,images/view/r1-37.webp,images/thumb/r1-37.webp,False
r1-38,38,1,Cultural knowledge,Sports,The small-ball paddle sport most strongly associated with China's international dominance,1,1,WISE full R1 · 2026-09-19,0,0,0,0,0,legacy / no structured retrieval events,False,1,3,0,False,screened_no_match,1,1,False,images/view/r1-38.webp,images/thumb/r1-38.webp,False
r1-39,39,1,Cultural knowledge,Sports,"A fast-paced racquet sport that is extremely popular in Indonesia, requiring agility and precision",1,1,WISE full R1 · 2026-09-19,0,0,0,0,0,legacy / no structured retrieval events,False,1,6,0,False,screened_no_match,1,1,False,images/view/r1-39.webp,images/thumb/r1-39.webp,False
r1-40,40,1,Cultural knowledge,Religion,The wheel symbol in Buddhism that represents the Buddha's teaching and the path of practice,1,1,WISE full R1 · 2026-09-19,0,0,0,0,0,legacy / no structured retrieval events,False,1,6,0,False,screened_no_match,1,1,False,images/view/r1-40.webp,images/thumb/r1-40.webp,False
r1-41,41,1,Cultural knowledge,Religion,"A representation of the divine trinity in the Christian tradition, often depicted through art and symbolism",1,1,WISE full R1 · 2026-09-19,0,0,0,0,0,legacy / no structured retrieval events,False,1,6,0,False,screened_no_match,1,1,False,images/view/r1-41.webp,images/thumb/r1-41.webp,False
r1-42,42,1,Cultural knowledge,Religion,An image of a commonly revered object in Christianity that often symbolizes sacrifice and faith,1,1,WISE full R1 · 2026-09-19,0,0,0,0,0,legacy / no structured retrieval events,False,1,6,0,False,screened_no_match,1,1,False,images/view/r1-42.webp,images/thumb/r1-42.webp,False
r1-43,43,1,Cultural knowledge,Religion,"Show an image of a type of large religious building that is often visited by Christians, and frequently includes a significant symbol as part of its architecture",1,1,WISE full R1 · 2026-09-19,0,0,0,0,0,legacy / no structured retrieval events,False,1,6,0,False,screened_no_match,1,1,False,images/view/r1-43.webp,images/thumb/r1-43.webp,False
r1-44,44,1,Cultural knowledge,Religion,"A figure central to the story of Islam, revered as the last prophet",0,1,WISE full R1 · 2026-09-19,0,0,0,0,0,legacy / no structured retrieval events,False,1,6,0,False,screened_no_match,1,1,True,images/view/r1-44.webp,images/thumb/r1-44.webp,False
r1-45,45,1,Cultural knowledge,Religion,The meal eaten before dawn on a fasting day during Ramadan,1,1,WISE full R1 · 2026-09-19,0,0,0,0,0,legacy / no structured retrieval events,False,1,6,0,False,screened_no_match,1,1,False,images/view/r1-45.webp,images/thumb/r1-45.webp,False
r1-46,46,1,Cultural knowledge,Religion,Show an image of a type of domed religious structure that is often seen in Buddhist temples or sacred sites,1,1,WISE full R1 · 2026-09-19,0,0,0,0,0,legacy / no structured retrieval events,False,1,6,0,False,screened_no_match,1,1,False,images/view/r1-46.webp,images/thumb/r1-46.webp,False
r1-47,47,1,Cultural knowledge,Religion,"An object of veneration in Sikh temples, often seen as a source of wisdom and spiritual authority",1,1,WISE full R1 · 2026-09-19,0,0,0,0,0,legacy / no structured retrieval events,False,1,6,0,False,screened_no_match,1,1,False,images/view/r1-47.webp,images/thumb/r1-47.webp,False
r1-48,48,1,Cultural knowledge,Religion,"A sacred text often found in Jewish synagogues, containing teachings and stories that guide the faithful",1,1,WISE full R1 · 2026-09-19,0,0,0,0,0,legacy / no structured retrieval events,False,1,6,0,False,screened_no_match,1,1,False,images/view/r1-48.webp,images/thumb/r1-48.webp,False
r1-49,49,1,Cultural knowledge,Religion,"A key architectural feature that is often in the form of a tower, used by Muslims for call to prayer",1,1,WISE full R1 · 2026-09-19,0,0,0,0,0,legacy / no structured retrieval events,True,1,6,0,False,screened_no_match,1,1,False,images/view/r1-49.webp,images/thumb/r1-49.webp,False
r1-50,50,1,Cultural knowledge,Religion,A geometric symbol often associated with Jewish identity and heritage,1,1,WISE full R1 · 2026-09-19,0,0,0,0,0,legacy / no structured retrieval events,True,1,6,0,False,screened_no_match,1,1,False,images/view/r1-50.webp,images/thumb/r1-50.webp,False
r1-51,51,1,Cultural knowledge,Religion,An image of a circular emblem representing balance and harmony in Taoist philosophy,1,1,WISE full R1 · 2026-09-19,0,0,0,0,0,legacy / no structured retrieval events,True,1,3,0,False,screened_no_match,1,1,False,images/view/r1-51.webp,images/thumb/r1-51.webp,False
r1-52,52,1,Cultural knowledge,Religion,"Show a structure commonly seen in Shinto shrines, often acting as a gateway to a sacred space",1,1,WISE full R1 · 2026-09-19,0,0,0,0,0,legacy / no structured retrieval events,True,1,6,0,False,screened_no_match,1,1,False,images/view/r1-52.webp,images/thumb/r1-52.webp,False
r1-53,53,1,Cultural knowledge,Religion,Show an image of a figure that is often a central focus of worship and meditation in Buddhism,1,1,WISE full R1 · 2026-09-19,0,0,0,0,0,legacy / no structured retrieval events,True,1,3,0,False,screened_no_match,1,1,False,images/view/r1-53.webp,images/thumb/r1-53.webp,False
r1-54,54,1,Cultural knowledge,Religion,"A sacred site for Muslims, with a cuboid structure at its center, a focal point for prayer",1,1,WISE full R1 · 2026-09-19,0,0,0,0,0,legacy / no structured retrieval events,True,1,6,0,False,screened_no_match,1,1,False,images/view/r1-54.webp,images/thumb/r1-54.webp,False
r1-55,55,1,Cultural knowledge,Religion,"Show an image depicting a specific hand gesture used during prayer, often seen in congregations that follow a particular Abrahamic tradition",1,1,WISE full R1 · 2026-09-19,0,0,0,0,0,legacy / no structured retrieval events,True,1,6,0,False,screened_no_match,1,1,False,images/view/r1-55.webp,images/thumb/r1-55.webp,False
r1-56,56,1,Cultural knowledge,Religion,"A powerful symbol often used in Islamic art, often representing divine guidance",1,1,WISE full R1 · 2026-09-19,0,0,0,0,0,legacy / no structured retrieval events,True,1,6,0,False,screened_no_match,1,1,False,images/view/r1-56.webp,images/thumb/r1-56.webp,False
r1-57,57,1,Cultural knowledge,Religion,Show an image of a specific type of head covering worn by many Sikh men,1,1,WISE full R1 · 2026-09-19,0,0,0,0,0,legacy / no structured retrieval events,True,1,6,0,False,screened_no_match,1,1,False,images/view/r1-57.webp,images/thumb/r1-57.webp,False
r1-58,58,1,Cultural knowledge,Religion,An image of a specific type of clothing often worn by Jewish men when they pray,1,1,WISE full R1 · 2026-09-19,0,0,0,0,0,legacy / no structured retrieval events,True,1,3,0,False,screened_no_match,1,1,False,images/view/r1-58.webp,images/thumb/r1-58.webp,False
r1-59,59,1,Cultural knowledge,Religion,"A place where sacred rituals and ceremonies often take place in Hinduism, a center of worship and community",1,1,WISE full R1 · 2026-09-19,0,0,0,0,0,legacy / no structured retrieval events,True,1,6,0,False,screened_no_match,1,1,False,images/view/r1-59.webp,images/thumb/r1-59.webp,False
r1-60,60,1,Cultural knowledge,Religion,"A sacred symbol often used in Hindu practices, representing the essence of the universe",1,1,WISE full R1 · 2026-09-19,0,0,0,0,0,legacy / no structured retrieval events,True,1,6,0,False,screened_no_match,1,1,False,images/view/r1-60.webp,images/thumb/r1-60.webp,False
r1-61,61,1,Cultural knowledge,Religion,"A sacred symbol used in Jainism, representing the path to liberation and enlightenment",1,1,WISE full R1 · 2026-09-19,0,0,0,0,0,legacy / no structured retrieval events,True,1,6,0,False,screened_no_match,1,1,False,images/view/r1-61.webp,images/thumb/r1-61.webp,False
r1-62,62,1,Cultural knowledge,Craft,The richly patterned fabric long associated with handwoven sari-making in India,1,1,WISE full R1 · 2026-09-19,0,0,0,0,0,legacy / no structured retrieval events,True,1,6,0,False,screened_no_match,1,1,False,images/view/r1-62.webp,images/thumb/r1-62.webp,False
r1-63,63,1,Cultural knowledge,Craft,"A craft that celebrates the beauty of natural elements through its use of fine, polished stones in a particular country in South America",1,1,WISE full R1 · 2026-09-19,0,0,0,0,0,legacy / no structured retrieval events,True,1,9,0,False,screened_no_match,1,1,False,images/view/r1-63.webp,images/thumb/r1-63.webp,False
r1-64,64,1,Cultural knowledge,Craft,The playful craft that embodies Russian cultural charm,1,1,WISE full R1 · 2026-09-19,0,0,0,0,0,legacy / no structured retrieval events,True,1,3,0,False,screened_no_match,1,1,False,images/view/r1-64.webp,images/thumb/r1-64.webp,False
r1-65,65,1,Cultural knowledge,Craft,A craft renowned for its glass artistry and elaborate chandeliers in the Venetian city,1,1,WISE full R1 · 2026-09-19,0,0,0,0,0,legacy / no structured retrieval events,True,1,6,0,False,screened_no_match,1,1,False,images/view/r1-65.webp,images/thumb/r1-65.webp,False
r1-66,66,1,Cultural knowledge,Craft,A craft involving the application of enamel on metal surfaces that is popular in a particular region of Southeast Asia,1,1,WISE full R1 · 2026-09-19,0,0,0,0,0,legacy / no structured retrieval events,True,1,9,0,False,screened_no_match,1,1,False,images/view/r1-66.webp,images/thumb/r1-66.webp,False
r1-67,67,1,Cultural knowledge,Craft,"A craft celebrated in Japanese culture, known for its intricate folds and paper art",1,1,WISE full R1 · 2026-09-19,0,0,0,0,0,legacy / no structured retrieval events,True,1,6,0,False,screened_no_match,1,1,False,images/view/r1-67.webp,images/thumb/r1-67.webp,False
r1-68,68,1,Cultural knowledge,Craft,A French luxury craft remembered as much for its elegant bottle as for what it contains,1,1,WISE full R1 · 2026-09-19,0,0,0,0,0,legacy / no structured retrieval events,True,1,6,0,False,screened_no_match,1,1,False,images/view/r1-68.webp,images/thumb/r1-68.webp,False
r1-69,69,1,Cultural knowledge,Craft,"A craft known for its use of silver, and intricate designs in a particular country in South America",0,1,WISE full R1 · 2026-09-19,0,0,0,0,0,legacy / no structured retrieval events,True,1,6,0,False,screened_no_match,1,1,True,images/view/r1-69.webp,images/thumb/r1-69.webp,False
r1-70,70,1,Cultural knowledge,Craft,The intricate craft that highlights the artistry of Persian weaving,1,1,WISE full R1 · 2026-09-19,0,0,0,0,0,legacy / no structured retrieval events,True,1,6,0,False,screened_no_match,1,1,False,images/view/r1-70.webp,images/thumb/r1-70.webp,False
r1-71,71,1,Cultural knowledge,Craft,The woven household object with geometric patterns commonly associated with Moroccan craftsmanship,1,1,WISE full R1 · 2026-09-19,0,0,0,0,0,legacy / no structured retrieval events,True,1,6,0,False,screened_no_match,1,1,False,images/view/r1-71.webp,images/thumb/r1-71.webp,False
r1-72,72,1,Cultural knowledge,Craft,The traditional craft that represents Native American artistic heritage,1,1,WISE full R1 · 2026-09-19,0,0,0,0,0,legacy / no structured retrieval events,True,1,6,0,False,screened_no_match,1,1,False,images/view/r1-72.webp,images/thumb/r1-72.webp,False
r1-73,73,1,Cultural knowledge,Craft,Most representative craft of Thailand,1,1,WISE full R1 · 2026-09-19,0,0,0,0,0,legacy / no structured retrieval events,True,1,6,0,False,screened_no_match,1,1,False,images/view/r1-73.webp,images/thumb/r1-73.webp,False
r1-74,74,1,Cultural knowledge,Craft,The craft that embodies Swiss precision and artistry,1,1,WISE full R1 · 2026-09-19,0,0,0,0,0,legacy / no structured retrieval events,True,1,6,0,False,screened_no_match,1,1,False,images/view/r1-74.webp,images/thumb/r1-74.webp,False
r1-75,75,1,Cultural knowledge,Craft,The blue-and-white ceramic ware long associated with Chinese craftsmanship,1,1,WISE full R1 · 2026-09-19,0,0,0,0,0,legacy / no structured retrieval events,True,1,6,0,False,screened_no_match,1,1,False,images/view/r1-75.webp,images/thumb/r1-75.webp,False
r1-76,76,1,Cultural knowledge,Construction,The monumental stone tomb form most strongly associated with ancient Egyptian pharaohs,1,1,WISE full R1 · 2026-09-19,0,0,0,0,0,legacy / no structured retrieval events,True,1,3,0,False,screened_no_match,1,1,False,images/view/r1-76.webp,images/thumb/r1-76.webp,False
r1-77,77,1,Cultural knowledge,Construction,"A neo-Gothic clock tower, a symbol of London's political and cultural history",1,1,WISE full R1 · 2026-09-19,0,0,0,0,0,legacy / no structured retrieval events,True,1,6,0,False,screened_no_match,1,1,False,images/view/r1-77.webp,images/thumb/r1-77.webp,False
r1-78,78,1,Cultural knowledge,Construction,"An ancient amphitheater, a testament to Roman engineering and entertainment",1,1,WISE full R1 · 2026-09-19,0,0,0,0,0,legacy / no structured retrieval events,True,1,6,0,False,screened_no_match,1,1,False,images/view/r1-78.webp,images/thumb/r1-78.webp,False
r1-79,79,1,Cultural knowledge,Construction,"An elegant marble mausoleum, a symbol of love and Indian architectural brilliance",1,1,WISE full R1 · 2026-09-19,0,0,0,0,0,legacy / no structured retrieval events,True,1,6,0,False,screened_no_match,1,1,False,images/view/r1-79.webp,images/thumb/r1-79.webp,False
r1-80,80,1,Cultural knowledge,Construction,A massive stone statue of a mythical creature that is a prominent historical landmark in Egypt,1,1,WISE full R1 · 2026-09-19,0,0,0,0,0,legacy / no structured retrieval events,True,1,6,0,False,screened_no_match,1,1,False,images/view/r1-80.webp,images/thumb/r1-80.webp,False
r1-81,81,1,Cultural knowledge,Construction,"An impressive castle, a place of royalty and history in the Scottish city of Edinburgh",1,1,WISE full R1 · 2026-09-19,0,0,0,0,0,legacy / no structured retrieval events,True,1,6,0,False,screened_no_match,1,1,False,images/view/r1-81.webp,images/thumb/r1-81.webp,False
r1-82,82,1,Cultural knowledge,Construction,"The world's tallest skyscraper, a marvel of modern engineering in the desert",1,1,WISE full R1 · 2026-09-19,0,0,0,0,0,legacy / no structured retrieval events,True,1,6,0,False,screened_no_match,1,1,False,images/view/r1-82.webp,images/thumb/r1-82.webp,False
r1-83,83,1,Cultural knowledge,Construction,"A complex of ancient temples in Southeast Asia, a symbol of spirituality and history in Cambodia",1,1,WISE full R1 · 2026-09-19,0,0,0,0,0,legacy / no structured retrieval events,True,1,6,0,False,screened_no_match,1,1,False,images/view/r1-83.webp,images/thumb/r1-83.webp,False
r1-84,84,1,Cultural knowledge,Construction,"A colossal sculpture in Brazil, with outstretched arms overlooking the city below",1,1,WISE full R1 · 2026-09-19,0,0,0,0,0,legacy / no structured retrieval events,True,1,6,0,False,screened_no_match,1,1,False,images/view/r1-84.webp,images/thumb/r1-84.webp,False
r1-85,85,1,Cultural knowledge,Construction,"A remarkable church with a spherical dome, a symbol of faith, located in the Vatican City",1,1,WISE full R1 · 2026-09-19,0,0,0,0,0,legacy / no structured retrieval events,True,1,6,0,False,screened_no_match,1,1,False,images/view/r1-85.webp,images/thumb/r1-85.webp,False
r1-86,86,1,Cultural knowledge,Construction,"A symbol of the United States' political history, a white dome with a unique architecture in Washington DC",1,1,WISE full R1 · 2026-09-19,0,0,0,0,0,legacy / no structured retrieval events,True,1,6,0,False,screened_no_match,1,1,False,images/view/r1-86.webp,images/thumb/r1-86.webp,False
r1-87,87,1,Cultural knowledge,Construction,"A unique structure with blades, in the flat agricultural landscape of the Netherlands",1,1,WISE full R1 · 2026-09-19,0,0,0,0,0,legacy / no structured retrieval events,True,1,6,0,False,screened_no_match,1,1,False,images/view/r1-87.webp,images/thumb/r1-87.webp,False
r1-88,88,1,Cultural knowledge,Construction,The triumphal gate in Berlin long associated with major national ceremonies,1,1,WISE full R1 · 2026-09-19,0,0,0,0,0,legacy / no structured retrieval events,True,1,3,0,False,screened_no_match,1,1,False,images/view/r1-88.webp,images/thumb/r1-88.webp,False
r1-89,89,1,Cultural knowledge,Construction,"A magnificent gothic cathedral, an architectural marvel of arches, spires, and stained glass windows in Paris",1,1,WISE full R1 · 2026-09-19,0,0,0,0,0,legacy / no structured retrieval events,True,1,6,0,False,screened_no_match,1,1,False,images/view/r1-89.webp,images/thumb/r1-89.webp,False
r1-90,90,1,Cultural knowledge,Construction,"A famous medieval bridge, with arches over the river, located in the capital city of the Czech Republic, Prague",1,1,WISE full R1 · 2026-09-19,0,0,0,0,0,legacy / no structured retrieval events,True,1,6,0,False,screened_no_match,1,1,False,images/view/r1-90.webp,images/thumb/r1-90.webp,False
r1-91,91,1,Cultural knowledge,Construction,A famous structure built in ancient Egypt as a burial place,1,1,WISE full R1 · 2026-09-19,0,0,0,0,0,legacy / no structured retrieval events,True,1,6,0,False,screened_no_match,1,1,False,images/view/r1-91.webp,images/thumb/r1-91.webp,False
r1-92,92,1,Cultural knowledge,Construction,"A wrought-iron lattice tower, a symbol of Parisian elegance and innovation",1,1,WISE full R1 · 2026-09-19,0,0,0,0,0,legacy / no structured retrieval events,True,1,3,0,False,screened_no_match,1,1,False,images/view/r1-92.webp,images/thumb/r1-92.webp,False
r1-93,93,1,Cultural knowledge,Construction,"China's most iconic architecture, a magnificent ancient defense line against invasion",1,1,WISE full R1 · 2026-09-19,0,0,0,0,0,legacy / no structured retrieval events,True,1,6,0,False,screened_no_match,1,1,False,images/view/r1-93.webp,images/thumb/r1-93.webp,False
r1-94,94,1,Cultural knowledge,Construction,"A structure that touches the sky, showcasing modern design and urban aspirations in the American city of New York",1,1,WISE full R1 · 2026-09-19,0,0,0,0,0,legacy / no structured retrieval events,True,1,6,0,False,screened_no_match,1,1,False,images/view/r1-94.webp,images/thumb/r1-94.webp,False
r1-95,95,1,Cultural knowledge,Construction,"A soaring communication tower, dominating the Toronto skyline",1,1,WISE full R1 · 2026-09-19,0,0,0,0,0,legacy / no structured retrieval events,True,1,6,0,False,screened_no_match,1,1,False,images/view/r1-95.webp,images/thumb/r1-95.webp,False
r1-96,96,1,Cultural knowledge,Construction,"An iconic bridge, known for its red hue and location over a famous bay in San Francisco",1,1,WISE full R1 · 2026-09-19,0,0,0,0,0,legacy / no structured retrieval events,True,1,3,0,False,screened_no_match,1,1,False,images/view/r1-96.webp,images/thumb/r1-96.webp,False
r1-97,97,1,Cultural knowledge,Construction,A monumental stone structure at a place where ancient cultures thrived in the Andes mountains of Peru,1,1,WISE full R1 · 2026-09-19,0,0,0,0,0,legacy / no structured retrieval events,True,1,6,0,False,screened_no_match,1,1,False,images/view/r1-97.webp,images/thumb/r1-97.webp,False
r1-98,98,1,Cultural knowledge,Construction,A grand London museum with a neoclassical facade and a glass-covered central court,1,1,WISE full R1 · 2026-09-19,0,0,0,0,0,legacy / no structured retrieval events,True,1,6,0,False,screened_no_match,1,1,False,images/view/r1-98.webp,images/thumb/r1-98.webp,False
r1-99,99,1,Cultural knowledge,Construction,"Ancient rock-carved churches, a spiritual pilgrimage site in Ethiopia",1,1,WISE full R1 · 2026-09-19,0,0,0,0,0,legacy / no structured retrieval events,True,1,6,0,False,screened_no_match,1,1,False,images/view/r1-99.webp,images/thumb/r1-99.webp,False
r1-100,100,1,Cultural knowledge,Construction,"An unfinished basilica, a masterpiece of Catalan Modernism with intricate facades",1,1,WISE full R1 · 2026-09-19,0,0,0,0,0,legacy / no structured retrieval events,True,1,6,0,False,screened_no_match,1,1,False,images/view/r1-100.webp,images/thumb/r1-100.webp,False
r1-101,101,1,Cultural knowledge,Construction,"A grand opera house known for its extravagant interior, a symbol of arts in the Italian city of Milan",1,1,WISE full R1 · 2026-09-19,0,0,0,0,0,legacy / no structured retrieval events,True,1,6,0,False,screened_no_match,1,1,False,images/view/r1-101.webp,images/thumb/r1-101.webp,False
r1-102,102,1,Cultural knowledge,Construction,"A sail-like structure, an architectural icon on Sydney's harbor",1,1,WISE full R1 · 2026-09-19,0,0,0,0,0,legacy / no structured retrieval events,True,1,6,0,False,screened_no_match,1,1,False,images/view/r1-102.webp,images/thumb/r1-102.webp,False
r1-103,103,1,Cultural knowledge,Construction,"A symbol of royal power and ambition, a magnificent palace with elaborate gardens in France",1,1,WISE full R1 · 2026-09-19,0,0,0,0,0,legacy / no structured retrieval events,True,1,6,0,False,screened_no_match,1,1,False,images/view/r1-103.webp,images/thumb/r1-103.webp,False
r1-104,104,1,Cultural knowledge,Construction,"A copper-clad statue, a beacon of freedom and American ideals",1,1,WISE full R1 · 2026-09-19,0,0,0,0,0,legacy / no structured retrieval events,True,1,6,0,False,screened_no_match,1,1,False,images/view/r1-104.webp,images/thumb/r1-104.webp,False
r1-105,105,1,Cultural knowledge,Construction,"A modern structure that appears like a floating building, a beacon of light and art in the Spanish city of Bilbao",1,1,WISE full R1 · 2026-09-19,0,0,0,0,0,legacy / no structured retrieval events,True,1,6,0,False,screened_no_match,1,1,False,images/view/r1-105.webp,images/thumb/r1-105.webp,False
r1-106,106,1,Cultural knowledge,Construction,"A symbol of imperial China, a sprawling complex of palaces and temples in Beijing",1,1,WISE full R1 · 2026-09-19,0,0,0,0,0,legacy / no structured retrieval events,True,1,6,0,False,screened_no_match,1,1,False,images/view/r1-106.webp,images/thumb/r1-106.webp,False
r1-107,107,1,Cultural knowledge,Construction,"An opulent opera house, a center of culture and performing arts in Buenos Aires",1,1,WISE full R1 · 2026-09-19,0,0,0,0,0,legacy / no structured retrieval events,True,1,6,0,False,screened_no_match,1,1,False,images/view/r1-107.webp,images/thumb/r1-107.webp,False
r1-108,108,1,Cultural knowledge,Construction,The leaning bell tower that has become the best-known landmark of Pisa,1,1,WISE full R1 · 2026-09-19,0,0,0,0,0,legacy / no structured retrieval events,True,1,6,0,False,screened_no_match,1,1,False,images/view/r1-108.webp,images/thumb/r1-108.webp,False
r1-109,109,1,Cultural knowledge,Plant,The spiky Southeast Asian fruit famous for its pungent smell,1,1,WISE full R1 · 2026-09-19,0,0,0,0,0,legacy / no structured retrieval events,True,1,6,0,False,screened_no_match,1,1,False,images/view/r1-109.webp,images/thumb/r1-109.webp,False
r1-110,110,1,Cultural knowledge,Plant,The large summer fruit with a striped green rind and watery red flesh,1,1,WISE full R1 · 2026-09-19,0,0,0,0,0,legacy / no structured retrieval events,True,1,3,0,False,screened_no_match,1,1,False,images/view/r1-110.webp,images/thumb/r1-110.webp,False
r1-111,111,1,Cultural knowledge,Plant,"A fragrant bloom, often found in the Provence region, symbolically tied to French culture and cuisine",1,1,WISE full R1 · 2026-09-19,0,0,0,0,0,legacy / no structured retrieval events,True,1,3,0,False,screened_no_match,1,1,False,images/view/r1-111.webp,images/thumb/r1-111.webp,False
r1-112,112,1,Cultural knowledge,Plant,"A common fruit, often associated with American pies and a symbol of fall harvest in the United States",1,1,WISE full R1 · 2026-09-19,0,0,0,0,0,legacy / no structured retrieval events,True,1,6,0,False,screened_no_match,1,1,False,images/view/r1-112.webp,images/thumb/r1-112.webp,False
r1-113,113,1,Cultural knowledge,Plant,"A small, oval fruit with a fuzzy skin and a sweet, tart taste, often associated with the start of summer and the colour pink",1,1,WISE full R1 · 2026-09-19,0,0,0,0,0,legacy / no structured retrieval events,True,1,6,0,False,screened_no_match,1,1,False,images/view/r1-113.webp,images/thumb/r1-113.webp,False
r1-114,114,1,Cultural knowledge,Plant,"A small fruit with a sweet and sour taste, often found in the Amazonian parts of Colombia, used in popular juice",1,1,WISE full R1 · 2026-09-19,0,0,0,0,0,legacy / no structured retrieval events,True,1,6,0,False,screened_no_match,1,1,False,images/view/r1-114.webp,images/thumb/r1-114.webp,False
r1-115,115,1,Cultural knowledge,Plant,"A resilient plant, associated with Mexican deserts and culture, known for its prickly texture",1,1,WISE full R1 · 2026-09-19,0,0,0,0,0,legacy / no structured retrieval events,True,1,6,0,False,screened_no_match,1,1,False,images/view/r1-115.webp,images/thumb/r1-115.webp,False
r1-116,116,1,Cultural knowledge,Plant,"An autumn delight, a fruit with cultural significance in Japan, often seen in traditional dishes and rituals",1,1,WISE full R1 · 2026-09-19,0,0,0,0,0,legacy / no structured retrieval events,True,1,9,0,False,screened_no_match,1,1,False,images/view/r1-116.webp,images/thumb/r1-116.webp,False
r1-117,117,1,Cultural knowledge,Plant,"The large green fruit known for its smooth, creamy texture, often used in savoury dishes as a substitute for meat",1,1,WISE full R1 · 2026-09-19,0,0,0,0,0,legacy / no structured retrieval events,True,1,3,0,False,screened_no_match,1,1,False,images/view/r1-117.webp,images/thumb/r1-117.webp,False
r1-118,118,1,Cultural knowledge,Plant,"The small, round, red fruit, known for its crisp texture, that is often said to keep the doctor away",1,1,WISE full R1 · 2026-09-19,0,0,0,0,0,legacy / no structured retrieval events,True,1,6,0,False,screened_no_match,1,1,False,images/view/r1-118.webp,images/thumb/r1-118.webp,False
r1-119,119,1,Cultural knowledge,Plant,"A national tree of Argentina, known for its bright red flowers that bloom in the spring",1,1,WISE full R1 · 2026-09-19,0,0,0,0,0,legacy / no structured retrieval events,True,1,6,0,False,screened_no_match,1,1,False,images/view/r1-119.webp,images/thumb/r1-119.webp,False
r1-120,120,1,Cultural knowledge,Plant,"The climbing plant with large, heart-shaped leaves and a distinctive, sweet scent, often associated with happiness and new beginnings",1,1,WISE full R1 · 2026-09-19,0,0,0,0,0,legacy / no structured retrieval events,True,1,6,0,False,screened_no_match,1,1,False,images/view/r1-120.webp,images/thumb/r1-120.webp,False
r1-121,121,1,Cultural knowledge,Plant,"A flower that is often associated with the arrival of spring, and known for its vibrant colours and cup-like shape",1,1,WISE full R1 · 2026-09-19,0,0,0,0,0,legacy / no structured retrieval events,True,1,6,0,False,screened_no_match,1,1,False,images/view/r1-121.webp,images/thumb/r1-121.webp,False
r1-122,122,1,Cultural knowledge,Plant,"A flower deeply significant in Vietnamese culture, representing purity, serenity, and spiritual growth",1,1,WISE full R1 · 2026-09-19,0,0,0,0,0,legacy / no structured retrieval events,True,1,6,0,False,screened_no_match,1,1,False,images/view/r1-122.webp,images/thumb/r1-122.webp,False
r1-123,123,1,Cultural knowledge,Plant,The flower known for following the sun across the sky,1,1,WISE full R1 · 2026-09-19,0,0,0,0,0,legacy / no structured retrieval events,True,1,3,0,False,screened_no_match,1,1,False,images/view/r1-123.webp,images/thumb/r1-123.webp,False
r1-124,124,1,Cultural knowledge,Plant,The berry commonly used in Korean fruit wines and liqueurs,0,0,WISE full R1 · 2026-09-19,0,0,0,0,0,legacy / no structured retrieval events,True,1,6,0,False,screened_no_match,1,1,True,images/view/r1-124.webp,images/thumb/r1-124.webp,False
r1-125,125,1,Cultural knowledge,Plant,"A citrus fruit known for its sweetness and juiciness, widely cultivated in Spain, especially the Valencia variety",1,1,WISE full R1 · 2026-09-19,0,0,0,0,0,legacy / no structured retrieval events,True,1,6,0,False,screened_no_match,1,1,False,images/view/r1-125.webp,images/thumb/r1-125.webp,False
r1-126,126,1,Cultural knowledge,Plant,"A plant historically significant in ancient Egypt for making paper, associated with the Nile river",1,1,WISE full R1 · 2026-09-19,0,0,0,0,0,legacy / no structured retrieval events,True,1,6,0,False,screened_no_match,1,1,False,images/view/r1-126.webp,images/thumb/r1-126.webp,False
r1-127,127,1,Cultural knowledge,Plant,"A fruit that has a unique appearance, with segments that look like fingers, originating from a region in Southeast Asia, often used in desserts",0,1,WISE full R1 · 2026-09-19,0,0,0,0,0,legacy / no structured retrieval events,True,1,6,0,False,screened_no_match,1,1,True,images/view/r1-127.webp,images/thumb/r1-127.webp,False
r1-128,128,1,Cultural knowledge,Plant,The fruit with jewel-like red seeds often used as a symbol of abundance in festival settings,1,1,WISE full R1 · 2026-09-19,0,0,0,0,0,legacy / no structured retrieval events,True,1,6,0,False,screened_no_match,1,1,False,images/view/r1-128.webp,images/thumb/r1-128.webp,False
r1-129,129,1,Cultural knowledge,Plant,The tropical fruit widely prized in the Philippines for its sweetness and smooth texture,1,1,WISE full R1 · 2026-09-19,0,0,0,0,0,legacy / no structured retrieval events,True,1,6,0,False,screened_no_match,1,1,False,images/view/r1-129.webp,images/thumb/r1-129.webp,False
r1-130,130,1,Cultural knowledge,Plant,"A berry-like fruit that is a vibrant dark colour, often used in jams, or to flavour other foods",1,1,WISE full R1 · 2026-09-19,0,0,0,0,0,legacy / no structured retrieval events,True,1,6,0,False,screened_no_match,1,1,False,images/view/r1-130.webp,images/thumb/r1-130.webp,False
r1-131,131,1,Cultural knowledge,Plant,"A tree symbolizing peace, wisdom, and the long history of Greek agriculture",1,1,WISE full R1 · 2026-09-19,0,0,0,0,0,legacy / no structured retrieval events,True,1,6,0,False,screened_no_match,1,1,False,images/view/r1-131.webp,images/thumb/r1-131.webp,False
r1-132,132,1,Cultural knowledge,Plant,The plant that represents the beauty of Japan,1,1,WISE full R1 · 2026-09-19,0,0,0,0,0,legacy / no structured retrieval events,True,1,6,0,False,screened_no_match,1,1,False,images/view/r1-132.webp,images/thumb/r1-132.webp,False
r1-133,133,1,Cultural knowledge,Plant,"The sweet fruit with a smooth skin, a large central seed, and a bright red colour that is often associated with love and romance",1,1,WISE full R1 · 2026-09-19,0,0,0,0,0,legacy / no structured retrieval events,True,1,6,0,False,screened_no_match,1,1,False,images/view/r1-133.webp,images/thumb/r1-133.webp,False
r1-134,134,1,Cultural knowledge,Plant,"A small, brown, fuzzy fruit with bright green flesh, a national symbol of New Zealand",1,1,WISE full R1 · 2026-09-19,0,0,0,0,0,legacy / no structured retrieval events,True,1,6,0,False,screened_no_match,1,1,False,images/view/r1-134.webp,images/thumb/r1-134.webp,False
r1-135,135,1,Cultural knowledge,Plant,The red flower worn on Remembrance Day in the United Kingdom,1,1,WISE full R1 · 2026-09-19,0,0,0,0,0,legacy / no structured retrieval events,True,1,6,0,False,screened_no_match,1,1,False,images/view/r1-135.webp,images/thumb/r1-135.webp,False
r1-136,136,1,Cultural knowledge,Plant,"The citrus fruit often segmented, with a vibrant orange peel and a sweet, tangy taste, often enjoyed during winter",1,1,WISE full R1 · 2026-09-19,0,0,0,0,0,legacy / no structured retrieval events,True,1,6,0,False,screened_no_match,1,1,False,images/view/r1-136.webp,images/thumb/r1-136.webp,False
r1-137,137,1,Cultural knowledge,Plant,"The plant known for its sharp thorns and delicate, fragrant blossoms, often associated with resilience and romance",1,1,WISE full R1 · 2026-09-19,0,0,0,0,0,legacy / no structured retrieval events,True,1,6,0,False,screened_no_match,1,1,False,images/view/r1-137.webp,images/thumb/r1-137.webp,False
r1-138,138,1,Cultural knowledge,Plant,"A yellow, curved fruit that monkeys like",1,1,WISE full R1 · 2026-09-19,0,0,0,0,0,legacy / no structured retrieval events,True,1,3,0,False,screened_no_match,1,1,False,images/view/r1-138.webp,images/thumb/r1-138.webp,False
r1-139,139,1,Cultural knowledge,Plant,The tree whose leaf appears on the national flag of Canada,1,1,WISE full R1 · 2026-09-19,0,0,0,0,0,legacy / no structured retrieval events,True,1,6,0,False,screened_no_match,1,1,False,images/view/r1-139.webp,images/thumb/r1-139.webp,False
r1-140,140,1,Cultural knowledge,Plant,"The small, sweet fruit that grows in bunches on a vine, and is often used to make wine or juice",1,1,WISE full R1 · 2026-09-19,0,0,0,0,0,legacy / no structured retrieval events,True,1,3,0,False,screened_no_match,1,1,False,images/view/r1-140.webp,images/thumb/r1-140.webp,False
r1-141,141,1,Cultural knowledge,Plant,"A tree symbolic of Russian landscapes, especially in the vast forests of Siberia",1,1,WISE full R1 · 2026-09-19,0,0,0,0,0,legacy / no structured retrieval events,True,1,6,0,False,screened_no_match,1,1,False,images/view/r1-141.webp,images/thumb/r1-141.webp,False
r1-142,142,1,Cultural knowledge,Plant,The fruit that is typically used to make lemonade,1,1,WISE full R1 · 2026-09-19,0,0,0,0,0,legacy / no structured retrieval events,True,1,3,0,False,screened_no_match,1,1,False,images/view/r1-142.webp,images/thumb/r1-142.webp,False
r1-143,143,1,Cultural knowledge,Plant,"An image of a tree with distinct dark green needle-like leaves and cones, often associated with winter and Christmas celebrations",1,1,WISE full R1 · 2026-09-19,0,0,0,0,0,legacy / no structured retrieval events,True,1,3,0,False,screened_no_match,1,1,False,images/view/r1-143.webp,images/thumb/r1-143.webp,False
r1-144,144,1,Cultural knowledge,Plant,The flower that represents love in Western culture,1,1,WISE full R1 · 2026-09-19,0,0,0,0,0,legacy / no structured retrieval events,True,1,6,0,False,screened_no_match,1,1,False,images/view/r1-144.webp,images/thumb/r1-144.webp,False
r1-145,145,1,Cultural knowledge,Plant,"A national flower of Colombia, celebrated for its rich diversity",1,1,WISE full R1 · 2026-09-19,0,0,0,0,0,legacy / no structured retrieval events,True,1,6,0,False,screened_no_match,1,1,False,images/view/r1-145.webp,images/thumb/r1-145.webp,False
r1-146,146,1,Cultural knowledge,Plant,"Show a plant that is a symbol of good fortune in Irish culture, and is known for its three-lobed leaves",0,0,WISE full R1 · 2026-09-19,0,0,0,0,0,legacy / no structured retrieval events,True,1,6,0,False,screened_no_match,1,1,True,images/view/r1-146.webp,images/thumb/r1-146.webp,False
r1-147,147,1,Cultural knowledge,Plant,Show a plant that is well known for its bright red leaves in the winter season and is often used for festive decoration,1,1,WISE full R1 · 2026-09-19,0,0,0,0,0,legacy / no structured retrieval events,True,1,6,0,False,screened_no_match,1,1,False,images/view/r1-147.webp,images/thumb/r1-147.webp,False
r1-148,148,1,Cultural knowledge,Plant,"A fruit that is a traditional part of the Chinese New Year, often associated with good fortune and prosperity",1,1,WISE full R1 · 2026-09-19,0,0,0,0,0,legacy / no structured retrieval events,True,1,6,0,False,screened_no_match,1,1,False,images/view/r1-148.webp,images/thumb/r1-148.webp,False
r1-149,149,1,Cultural knowledge,Plant,The flower often gifted on Mother's Day in many Western countries,1,1,WISE full R1 · 2026-09-19,0,0,0,0,0,legacy / no structured retrieval events,True,1,6,0,False,screened_no_match,1,1,False,images/view/r1-149.webp,images/thumb/r1-149.webp,False
r1-150,150,1,Cultural knowledge,Plant,The tallest tree species in the world,1,1,WISE full R1 · 2026-09-19,0,0,0,0,0,legacy / no structured retrieval events,True,1,6,0,False,screened_no_match,1,1,False,images/view/r1-150.webp,images/thumb/r1-150.webp,False
r1-151,151,1,Cultural knowledge,Plant,"A sweet and nutritious fruit, cultivated for centuries in Egypt, holding great cultural significance",1,1,WISE full R1 · 2026-09-19,0,0,0,0,0,legacy / no structured retrieval events,True,1,6,0,False,screened_no_match,1,1,False,images/view/r1-151.webp,images/thumb/r1-151.webp,False
r1-152,152,1,Cultural knowledge,Plant,"A dark purple berry from the Amazon, known for its health benefits and used in popular dishes in Brazil",1,1,WISE full R1 · 2026-09-19,0,0,0,0,0,legacy / no structured retrieval events,True,1,6,0,False,screened_no_match,1,1,False,images/view/r1-152.webp,images/thumb/r1-152.webp,False
r1-153,153,1,Cultural knowledge,Plant,"The largest individual flower in the world, native to the rainforests of Indonesia",1,1,WISE full R1 · 2026-09-19,0,0,0,0,0,legacy / no structured retrieval events,True,1,6,0,False,screened_no_match,1,1,False,images/view/r1-153.webp,images/thumb/r1-153.webp,False
r1-154,154,1,Cultural knowledge,Plant,The branch traditionally carried or depicted as a sign of peace,1,1,WISE full R1 · 2026-09-19,0,0,0,0,0,legacy / no structured retrieval events,True,1,6,0,False,screened_no_match,1,1,False,images/view/r1-154.webp,images/thumb/r1-154.webp,False
r1-155,155,1,Cultural knowledge,Plant,"A unique flower, a symbol of South Africa's national flora and its biodiversity",1,1,WISE full R1 · 2026-09-19,0,0,0,0,0,legacy / no structured retrieval events,True,1,6,0,False,screened_no_match,1,1,False,images/view/r1-155.webp,images/thumb/r1-155.webp,False
r1-156,156,1,Cultural knowledge,Plant,A flower that symbolizes purity in China,1,1,WISE full R1 · 2026-09-19,0,0,0,0,0,legacy / no structured retrieval events,True,1,6,0,False,screened_no_match,1,1,False,images/view/r1-156.webp,images/thumb/r1-156.webp,False
r1-157,157,1,Cultural knowledge,Plant,The plant revered in ancient Egyptian culture,1,1,WISE full R1 · 2026-09-19,0,0,0,0,0,legacy / no structured retrieval events,True,1,6,0,False,screened_no_match,1,1,False,images/view/r1-157.webp,images/thumb/r1-157.webp,False
r1-158,158,1,Cultural knowledge,Plant,A plant with delicate purple flowers that is often used to give food and drinks a particular flavour and is known for its calming qualities,1,1,WISE full R1 · 2026-09-19,0,0,0,0,0,legacy / no structured retrieval events,True,1,6,0,False,screened_no_match,1,1,False,images/view/r1-158.webp,images/thumb/r1-158.webp,False
r1-159,159,1,Cultural knowledge,Plant,"A flower with deep cultural and religious significance in India, representing purity and beauty",1,1,WISE full R1 · 2026-09-19,0,0,0,0,0,legacy / no structured retrieval events,True,1,6,0,False,screened_no_match,1,1,False,images/view/r1-159.webp,images/thumb/r1-159.webp,False
r1-160,160,1,Cultural knowledge,Plant,The tree that represents strength in many cultures,1,1,WISE full R1 · 2026-09-19,0,0,0,0,0,legacy / no structured retrieval events,True,1,6,0,False,screened_no_match,1,1,False,images/view/r1-160.webp,images/thumb/r1-160.webp,False
r1-161,161,1,Cultural knowledge,Plant,"A distinctive fruit in Thailand, often referred to as the 'king of fruits' in Southeast Asia, known for its strong odor",1,1,WISE full R1 · 2026-09-19,0,0,0,0,0,legacy / no structured retrieval events,True,1,6,0,False,screened_no_match,1,1,False,images/view/r1-161.webp,images/thumb/r1-161.webp,False
r1-162,162,1,Cultural knowledge,Plant,"A large, broad-leafed tropical plant, often associated with hospitality and used in a variety of dishes",1,1,WISE full R1 · 2026-09-19,0,0,0,0,0,legacy / no structured retrieval events,True,1,6,0,False,screened_no_match,1,1,False,images/view/r1-162.webp,images/thumb/r1-162.webp,False
r1-163,163,1,Cultural knowledge,Plant,"The bright yellow citrus fruit, known for its sour taste and high acidity, that is often used in cooking and baking",1,1,WISE full R1 · 2026-09-19,0,0,0,0,0,legacy / no structured retrieval events,True,1,3,0,False,screened_no_match,1,1,False,images/view/r1-163.webp,images/thumb/r1-163.webp,False
r1-164,164,1,Cultural knowledge,Plant,A prickly green plant found in deserts,1,1,WISE full R1 · 2026-09-19,0,0,0,0,0,legacy / no structured retrieval events,True,1,6,0,False,screened_no_match,1,1,False,images/view/r1-164.webp,images/thumb/r1-164.webp,False
r1-165,165,1,Cultural knowledge,Plant,The desert plant known for storing water in its thick stem and surviving long dry periods,1,1,WISE full R1 · 2026-09-19,0,0,0,0,0,legacy / no structured retrieval events,True,1,6,0,False,screened_no_match,1,1,False,images/view/r1-165.webp,images/thumb/r1-165.webp,False
r1-166,166,1,Cultural knowledge,Plant,The tart red berry commonly served with Christmas meals in North America,1,1,WISE full R1 · 2026-09-19,0,0,0,0,0,legacy / no structured retrieval events,True,1,6,0,False,screened_no_match,1,1,False,images/view/r1-166.webp,images/thumb/r1-166.webp,False
r1-167,167,1,Cultural knowledge,Plant,"A national plant symbol of New Zealand, often seen in sports and cultural contexts",1,1,WISE full R1 · 2026-09-19,0,0,0,0,0,legacy / no structured retrieval events,True,1,6,0,False,screened_no_match,1,1,False,images/view/r1-167.webp,images/thumb/r1-167.webp,False
r1-168,168,1,Cultural knowledge,Plant,"A bright yellow fruit, considered the national fruit of Jamaica and can be eaten raw or cooked",1,1,WISE full R1 · 2026-09-19,0,0,0,0,0,legacy / no structured retrieval events,True,1,6,0,False,screened_no_match,1,1,False,images/view/r1-168.webp,images/thumb/r1-168.webp,False
r1-169,169,1,Cultural knowledge,Plant,"A type of fruit that is often used for both sweet and savoury dishes, known for its mild and adaptable flavour",1,1,WISE full R1 · 2026-09-19,0,0,0,0,0,legacy / no structured retrieval events,True,1,6,0,False,screened_no_match,1,1,False,images/view/r1-169.webp,images/thumb/r1-169.webp,False
r1-170,170,1,Cultural knowledge,Plant,"A fruit known for its unique shape, with a star-like cross section when sliced, a popular snack in Southeast Asia",1,1,WISE full R1 · 2026-09-19,0,0,0,0,0,legacy / no structured retrieval events,True,1,6,0,False,screened_no_match,1,1,False,images/view/r1-170.webp,images/thumb/r1-170.webp,False
r1-171,171,1,Cultural knowledge,Plant,"An iconic tree in African savannas, symbolizing national parks and wildlife in Kenya",1,1,WISE full R1 · 2026-09-19,0,0,0,0,0,legacy / no structured retrieval events,True,1,9,0,False,screened_no_match,1,1,False,images/view/r1-171.webp,images/thumb/r1-171.webp,False
r1-172,172,1,Cultural knowledge,Plant,"A beloved fruit in India, known as the 'king of fruits,' cherished for its rich flavor and cultural significance",1,1,WISE full R1 · 2026-09-19,0,0,0,0,0,legacy / no structured retrieval events,True,1,6,0,False,screened_no_match,1,1,False,images/view/r1-172.webp,images/thumb/r1-172.webp,False
r1-173,173,1,Cultural knowledge,Plant,"The tropical fruit with a spiky exterior and sweet, juicy interior",1,1,WISE full R1 · 2026-09-19,0,0,0,0,0,legacy / no structured retrieval events,True,1,6,0,False,screened_no_match,1,1,False,images/view/r1-173.webp,images/thumb/r1-173.webp,False
r1-174,174,1,Cultural knowledge,Plant,"A tropical fruit with smooth skin, golden flesh, and a large flat pit",1,1,WISE full R1 · 2026-09-19,0,0,0,0,0,legacy / no structured retrieval events,True,1,6,0,False,screened_no_match,1,1,False,images/view/r1-174.webp,images/thumb/r1-174.webp,False
r1-175,175,1,Cultural knowledge,Plant,A famous flower that symbolizes wealth in China,1,1,WISE full R1 · 2026-09-19,0,0,0,0,0,legacy / no structured retrieval events,True,1,6,0,False,screened_no_match,1,1,False,images/view/r1-175.webp,images/thumb/r1-175.webp,False
r1-176,176,1,Cultural knowledge,Plant,A famous flower that symbolizes loyalty in China,1,1,WISE full R1 · 2026-09-19,0,0,0,0,0,legacy / no structured retrieval events,True,1,6,0,False,screened_no_match,1,1,False,images/view/r1-176.webp,images/thumb/r1-176.webp,False
r1-177,177,1,Cultural knowledge,Plant,The sliced tropical fruit often sold in Mexico with chili powder and lime,1,1,WISE full R1 · 2026-09-19,0,0,0,0,0,legacy / no structured retrieval events,True,1,6,0,False,screened_no_match,1,1,False,images/view/r1-177.webp,images/thumb/r1-177.webp,False
r1-178,178,1,Cultural knowledge,Plant,Show an image of a plant whose leaves are used in many dishes in the Mediterranean and is known for its aromatic scent and needle-like leaves,1,1,WISE full R1 · 2026-09-19,0,0,0,0,0,legacy / no structured retrieval events,True,1,6,0,False,screened_no_match,1,1,False,images/view/r1-178.webp,images/thumb/r1-178.webp,False
r1-179,179,1,Cultural knowledge,Plant,The cereal crop whose grain is milled into flour for bread and pastries,1,1,WISE full R1 · 2026-09-19,0,0,0,0,0,legacy / no structured retrieval events,True,1,6,0,False,screened_no_match,1,1,False,images/view/r1-179.webp,images/thumb/r1-179.webp,False
r1-180,180,1,Cultural knowledge,Animal,"A majestic striped animal, symbolizing the wildlife of Bangladesh",1,1,WISE full R1 · 2026-09-19,0,0,0,0,0,legacy / no structured retrieval events,True,1,6,0,False,screened_no_match,1,1,False,images/view/r1-180.webp,images/thumb/r1-180.webp,False
r1-181,181,1,Cultural knowledge,Animal,"The large bird known for its powerful talons and hunting prowess, often seen soaring in the mountains or open skies",1,1,WISE full R1 · 2026-09-19,0,0,0,0,0,legacy / no structured retrieval events,True,1,6,0,False,screened_no_match,1,1,False,images/view/r1-181.webp,images/thumb/r1-181.webp,False
r1-182,182,1,Cultural knowledge,Animal,"Show an image of a small primate with large, expressive eyes, often known for their nocturnal habits",1,1,WISE full R1 · 2026-09-19,0,0,0,0,0,legacy / no structured retrieval events,True,1,6,0,False,screened_no_match,1,1,False,images/view/r1-182.webp,images/thumb/r1-182.webp,False
r1-183,183,1,Cultural knowledge,Animal,An animal with a long nose,1,1,WISE full R1 · 2026-09-19,0,0,0,0,0,legacy / no structured retrieval events,True,1,3,0,False,screened_no_match,1,1,False,images/view/r1-183.webp,images/thumb/r1-183.webp,False
r1-184,184,1,Cultural knowledge,Animal,The fastest land animal,1,1,WISE full R1 · 2026-09-19,0,0,0,0,0,legacy / no structured retrieval events,True,1,3,0,False,screened_no_match,1,1,False,images/view/r1-184.webp,images/thumb/r1-184.webp,False
r1-185,185,1,Cultural knowledge,Animal,"A large animal, a symbol of national pride in Thailand",1,1,WISE full R1 · 2026-09-19,0,0,0,0,0,legacy / no structured retrieval events,True,1,3,0,False,screened_no_match,1,1,False,images/view/r1-185.webp,images/thumb/r1-185.webp,False
r1-186,186,1,Cultural knowledge,Animal,"A majestic striped animal, a symbol of India's wildlife",1,1,WISE full R1 · 2026-09-19,0,0,0,0,0,legacy / no structured retrieval events,True,1,6,0,False,screened_no_match,1,1,False,images/view/r1-186.webp,images/thumb/r1-186.webp,False
r1-187,187,1,Cultural knowledge,Animal,An animal representing natural heritage in Italy,1,1,WISE full R1 · 2026-09-19,0,0,0,0,0,legacy / no structured retrieval events,True,1,6,0,False,screened_no_match,1,1,False,images/view/r1-187.webp,images/thumb/r1-187.webp,False
r1-188,188,1,Cultural knowledge,Animal,A feline figure on the Dutch coat of arms,1,1,WISE full R1 · 2026-09-19,0,0,0,0,0,legacy / no structured retrieval events,True,1,6,0,False,screened_no_match,1,1,False,images/view/r1-188.webp,images/thumb/r1-188.webp,False
r1-189,189,1,Cultural knowledge,Animal,The animal known for its distinctive hump and ability to survive in deserts,1,1,WISE full R1 · 2026-09-19,0,0,0,0,0,legacy / no structured retrieval events,True,1,6,0,False,screened_no_match,1,1,False,images/view/r1-189.webp,images/thumb/r1-189.webp,False
r1-190,190,1,Cultural knowledge,Animal,The flying animal associated with wisdom and long life in Asian culture,1,1,WISE full R1 · 2026-09-19,0,0,0,0,0,legacy / no structured retrieval events,True,1,6,0,False,screened_no_match,1,1,False,images/view/r1-190.webp,images/thumb/r1-190.webp,False
r1-191,191,1,Cultural knowledge,Animal,The creature that crawls slowly with a protective shell on its back,1,1,WISE full R1 · 2026-09-19,0,0,0,0,0,legacy / no structured retrieval events,True,1,3,0,False,screened_no_match,1,1,False,images/view/r1-191.webp,images/thumb/r1-191.webp,False
r1-192,192,1,Cultural knowledge,Animal,The primate famous for its striped tail and native to Madagascar,1,1,WISE full R1 · 2026-09-19,0,0,0,0,0,legacy / no structured retrieval events,True,1,3,0,False,screened_no_match,1,1,False,images/view/r1-192.webp,images/thumb/r1-192.webp,False
r1-193,193,1,Cultural knowledge,Animal,"A powerful marsupial, a national symbol of Australia",1,1,WISE full R1 · 2026-09-19,0,0,0,0,0,legacy / no structured retrieval events,True,1,6,0,False,screened_no_match,1,1,False,images/view/r1-193.webp,images/thumb/r1-193.webp,False
r1-194,194,1,Cultural knowledge,Animal,A mythical creature embodying Singapore's origins,1,1,WISE full R1 · 2026-09-19,0,0,0,0,0,legacy / no structured retrieval events,True,1,6,0,False,screened_no_match,1,1,False,images/view/r1-194.webp,images/thumb/r1-194.webp,False
r1-195,195,1,Cultural knowledge,Animal,"The large feline with a golden coat and black spots, often seen as a symbol of grace and beauty in the wild",1,1,WISE full R1 · 2026-09-19,0,0,0,0,0,legacy / no structured retrieval events,True,1,6,0,False,screened_no_match,1,1,False,images/view/r1-195.webp,images/thumb/r1-195.webp,False
r1-196,196,1,Cultural knowledge,Animal,The animal that is a symbol of good luck in Chinese culture,1,1,WISE full R1 · 2026-09-19,0,0,0,0,0,legacy / no structured retrieval events,True,1,6,0,False,screened_no_match,1,1,False,images/view/r1-196.webp,images/thumb/r1-196.webp,False
r1-197,197,1,Cultural knowledge,Animal,"The animal that emerges from a cocoon, symbolizing transformation",1,1,WISE full R1 · 2026-09-19,0,0,0,0,0,legacy / no structured retrieval events,True,1,6,0,False,screened_no_match,1,1,False,images/view/r1-197.webp,images/thumb/r1-197.webp,False
r1-198,198,1,Cultural knowledge,Animal,"The aquatic mammal known for its playful nature and intelligence, often seen performing tricks in marine parks",1,1,WISE full R1 · 2026-09-19,0,0,0,0,0,legacy / no structured retrieval events,True,1,3,0,False,screened_no_match,1,1,False,images/view/r1-198.webp,images/thumb/r1-198.webp,False
r1-199,199,1,Cultural knowledge,Animal,The largest animal in the ocean,1,1,WISE full R1 · 2026-09-19,0,0,0,0,0,legacy / no structured retrieval events,True,1,6,0,False,screened_no_match,1,1,False,images/view/r1-199.webp,images/thumb/r1-199.webp,False
r1-200,200,1,Cultural knowledge,Animal,The bird famous for its colorful feathers and mimicry of sounds,1,1,WISE full R1 · 2026-09-19,0,0,0,0,0,legacy / no structured retrieval events,True,2,3,0,False,screened_no_match,1,1,False,images/view/r1-200.webp,images/thumb/r1-200.webp,False
r1-201,201,1,Cultural knowledge,Animal,The mountain goat associated with the Alps of northern Italy,1,1,WISE full R1 · 2026-09-19,0,0,0,0,0,legacy / no structured retrieval events,True,1,6,0,False,screened_no_match,1,1,False,images/view/r1-201.webp,images/thumb/r1-201.webp,False
r1-202,202,1,Cultural knowledge,Animal,An animal featured on the United Kingdom's coat of arms,1,1,WISE full R1 · 2026-09-19,0,0,0,0,0,legacy / no structured retrieval events,True,1,3,0,False,screened_no_match,1,1,False,images/view/r1-202.webp,images/thumb/r1-202.webp,False
r1-203,203,1,Cultural knowledge,Animal,The animal known for its sly and cunning nature,1,1,WISE full R1 · 2026-09-19,0,0,0,0,0,legacy / no structured retrieval events,True,1,3,0,False,screened_no_match,1,1,False,images/view/r1-203.webp,images/thumb/r1-203.webp,False
r1-204,204,1,Cultural knowledge,Animal,The animal symbolizing purity and sacrifice in Christian teachings,1,1,WISE full R1 · 2026-09-19,0,0,0,0,0,legacy / no structured retrieval events,True,1,6,0,False,screened_no_match,1,1,False,images/view/r1-204.webp,images/thumb/r1-204.webp,False
r1-205,205,1,Cultural knowledge,Animal,"An iconic reptile, a symbol of biodiversity in Indonesia",1,1,WISE full R1 · 2026-09-19,0,0,0,0,0,legacy / no structured retrieval events,True,1,6,0,False,screened_no_match,1,1,False,images/view/r1-205.webp,images/thumb/r1-205.webp,False
r1-206,206,1,Cultural knowledge,Animal,"A revered animal, with cultural significance in Nepal",1,1,WISE full R1 · 2026-09-19,0,0,0,0,0,legacy / no structured retrieval events,True,1,6,0,False,screened_no_match,1,1,False,images/view/r1-206.webp,images/thumb/r1-206.webp,False
r1-207,207,1,Cultural knowledge,Animal,The animal known for its long neck and ability to reach tall trees,1,1,WISE full R1 · 2026-09-19,0,0,0,0,0,legacy / no structured retrieval events,True,1,3,0,False,screened_no_match,1,1,False,images/view/r1-207.webp,images/thumb/r1-207.webp,False
r1-208,208,1,Cultural knowledge,Animal,The animal associated with wisdom and guidance in Greek mythology,1,1,WISE full R1 · 2026-09-19,0,0,0,0,0,legacy / no structured retrieval events,True,1,6,0,False,screened_no_match,1,1,False,images/view/r1-208.webp,images/thumb/r1-208.webp,False
r1-209,209,1,Cultural knowledge,Animal,"An animal, a symbol of strength in Brazil",1,1,WISE full R1 · 2026-09-19,0,0,0,0,0,legacy / no structured retrieval events,True,1,9,0,False,screened_no_match,1,1,False,images/view/r1-209.webp,images/thumb/r1-209.webp,False
r1-210,210,1,Cultural knowledge,Animal,The animal that crows in the morning,1,1,WISE full R1 · 2026-09-19,0,0,0,0,0,legacy / no structured retrieval events,True,1,6,0,False,screened_no_match,1,1,False,images/view/r1-210.webp,images/thumb/r1-210.webp,False
r1-211,211,1,Cultural knowledge,Animal,The smallest bird in the world,1,1,WISE full R1 · 2026-09-19,0,0,0,0,0,legacy / no structured retrieval events,True,1,6,0,False,screened_no_match,1,1,False,images/view/r1-211.webp,images/thumb/r1-211.webp,False
r1-212,212,1,Cultural knowledge,Animal,The animal that symbolizes rebirth and immortality in mythology,1,1,WISE full R1 · 2026-09-19,0,0,0,0,0,legacy / no structured retrieval events,True,1,6,0,False,screened_no_match,1,1,False,images/view/r1-212.webp,images/thumb/r1-212.webp,False
r1-213,213,1,Cultural knowledge,Animal,A national treasure animal of China,1,1,WISE full R1 · 2026-09-19,0,0,0,0,0,legacy / no structured retrieval events,True,1,3,0,False,screened_no_match,1,1,False,images/view/r1-213.webp,images/thumb/r1-213.webp,False
r1-214,214,1,Cultural knowledge,Animal,"A horned animal, culturally significant in Spain",1,1,WISE full R1 · 2026-09-19,0,0,0,0,0,legacy / no structured retrieval events,True,1,3,0,False,screened_no_match,1,1,False,images/view/r1-214.webp,images/thumb/r1-214.webp,False
r1-215,215,1,Cultural knowledge,Animal,"A bird of prey, a national symbol of the United States",1,1,WISE full R1 · 2026-09-19,0,0,0,0,0,legacy / no structured retrieval events,True,1,3,0,False,screened_no_match,1,1,False,images/view/r1-215.webp,images/thumb/r1-215.webp,False
r1-216,216,1,Cultural knowledge,Animal,A vital beast of burden in Philippine agriculture,1,1,WISE full R1 · 2026-09-19,0,0,0,0,0,legacy / no structured retrieval events,True,1,6,0,False,screened_no_match,1,1,False,images/view/r1-216.webp,images/thumb/r1-216.webp,False
r1-217,217,1,Cultural knowledge,Animal,A breed known for rescue in the Swiss Alps,1,1,WISE full R1 · 2026-09-19,0,0,0,0,0,legacy / no structured retrieval events,True,1,6,0,False,screened_no_match,1,1,False,images/view/r1-217.webp,images/thumb/r1-217.webp,False
r1-218,218,1,Cultural knowledge,Animal,The animal often depicted as the protector of treasures in East Asian mythology,1,1,WISE full R1 · 2026-09-19,0,0,0,0,0,legacy / no structured retrieval events,True,1,6,0,False,screened_no_match,1,1,False,images/view/r1-218.webp,images/thumb/r1-218.webp,False
r1-219,219,1,Cultural knowledge,Animal,The national animal of South Africa,1,0,WISE full R1 · 2026-09-19,0,0,0,0,0,legacy / no structured retrieval events,True,1,6,0,False,screened_no_match,1,1,False,images/view/r1-219.webp,images/thumb/r1-219.webp,False
r1-220,220,1,Cultural knowledge,Animal,The animal symbolizing hard work and dedication in Chinese culture,1,1,WISE full R1 · 2026-09-19,0,0,0,0,0,legacy / no structured retrieval events,True,1,6,0,False,screened_no_match,1,1,False,images/view/r1-220.webp,images/thumb/r1-220.webp,False
r1-221,221,1,Cultural knowledge,Animal,A South American pack animal of the Andes,1,1,WISE full R1 · 2026-09-19,0,0,0,0,0,legacy / no structured retrieval events,True,1,6,0,False,screened_no_match,1,1,False,images/view/r1-221.webp,images/thumb/r1-221.webp,False
r1-222,222,1,Cultural knowledge,Animal,The largest land animal in the world,1,1,WISE full R1 · 2026-09-19,0,0,0,0,0,legacy / no structured retrieval events,True,1,6,0,False,screened_no_match,1,1,False,images/view/r1-222.webp,images/thumb/r1-222.webp,False
r1-223,223,1,Cultural knowledge,Animal,"An animal with long horns, a symbol of conservation in the UAE",1,1,WISE full R1 · 2026-09-19,0,0,0,0,0,legacy / no structured retrieval events,True,1,6,0,False,screened_no_match,1,1,False,images/view/r1-223.webp,images/thumb/r1-223.webp,False
r1-224,224,1,Cultural knowledge,Animal,"A bird of prey, a national symbol of Mexico",1,1,WISE full R1 · 2026-09-19,0,0,0,0,0,legacy / no structured retrieval events,True,1,9,0,False,screened_no_match,1,1,False,images/view/r1-224.webp,images/thumb/r1-224.webp,False
r1-225,225,1,Cultural knowledge,Animal,"A fluffy, tree-dwelling marsupial native to Australia",1,1,WISE full R1 · 2026-09-19,0,0,0,0,0,legacy / no structured retrieval events,True,1,6,0,False,screened_no_match,1,1,False,images/view/r1-225.webp,images/thumb/r1-225.webp,False
r1-226,226,1,Cultural knowledge,Animal,"A small, brightly coloured bird known for its ability to hover in the air while drinking nectar from flowers",1,1,WISE full R1 · 2026-09-19,0,0,0,0,0,legacy / no structured retrieval events,True,1,3,0,False,screened_no_match,1,1,False,images/view/r1-226.webp,images/thumb/r1-226.webp,False
r1-227,227,1,Cultural knowledge,Animal,"The large, herbivorous mammal known for its stripes and preference for grasslands, common in African wildlife",1,1,WISE full R1 · 2026-09-19,0,0,0,0,0,legacy / no structured retrieval events,True,1,3,0,False,screened_no_match,1,1,False,images/view/r1-227.webp,images/thumb/r1-227.webp,False
r1-228,228,1,Cultural knowledge,Animal,The animal that is often associated with loyalty and companionship,1,1,WISE full R1 · 2026-09-19,0,0,0,0,0,legacy / no structured retrieval events,True,1,6,0,False,screened_no_match,1,1,False,images/view/r1-228.webp,images/thumb/r1-228.webp,False
r1-229,229,1,Cultural knowledge,Animal,An animal central to farming and culture in Vietnam,1,1,WISE full R1 · 2026-09-19,0,0,0,0,0,legacy / no structured retrieval events,True,1,6,0,False,screened_no_match,1,1,False,images/view/r1-229.webp,images/thumb/r1-229.webp,False
r1-230,230,1,Cultural knowledge,Animal,"A primate with a distinctive red face, living in northern Japan",1,1,WISE full R1 · 2026-09-19,0,0,0,0,0,legacy / no structured retrieval events,True,1,6,0,False,screened_no_match,1,1,False,images/view/r1-230.webp,images/thumb/r1-230.webp,False
r1-231,231,1,Cultural knowledge,Animal,The animal known for its majestic antlers and serene presence,1,1,WISE full R1 · 2026-09-19,0,0,0,0,0,legacy / no structured retrieval events,True,1,6,0,False,screened_no_match,1,1,False,images/view/r1-231.webp,images/thumb/r1-231.webp,False
r1-232,232,1,Cultural knowledge,Animal,The animal that symbolizes peace and purity,1,1,WISE full R1 · 2026-09-19,0,0,0,0,0,legacy / no structured retrieval events,True,1,3,0,False,screened_no_match,1,1,False,images/view/r1-232.webp,images/thumb/r1-232.webp,False
r1-233,233,1,Cultural knowledge,Animal,"Show an image of a large, grey animal with thick skin and a horn on its nose, often found in Africa and Asia",1,1,WISE full R1 · 2026-09-19,0,0,0,0,0,legacy / no structured retrieval events,True,1,6,0,False,screened_no_match,1,1,False,images/view/r1-233.webp,images/thumb/r1-233.webp,False
r1-234,234,1,Cultural knowledge,Animal,"Show a large animal that lives in the arctic and subarctic, known for its thick white fur",1,1,WISE full R1 · 2026-09-19,0,0,0,0,0,legacy / no structured retrieval events,True,1,3,0,False,screened_no_match,1,1,False,images/view/r1-234.webp,images/thumb/r1-234.webp,False
r1-235,235,1,Cultural knowledge,Animal,"An endangered striped animal, a conservation symbol in Malaysia",0,1,WISE full R1 · 2026-09-19,0,0,0,0,0,legacy / no structured retrieval events,True,1,6,0,False,screened_no_match,1,1,True,images/view/r1-235.webp,images/thumb/r1-235.webp,False
r1-236,236,1,Cultural knowledge,Animal,"A semi-aquatic rodent, a national symbol of Canada",1,1,WISE full R1 · 2026-09-19,0,0,0,0,0,legacy / no structured retrieval events,True,1,6,0,False,screened_no_match,1,1,False,images/view/r1-236.webp,images/thumb/r1-236.webp,False
r1-237,237,1,Cultural knowledge,Animal,The animal that symbolizes freedom and power in the sky,1,1,WISE full R1 · 2026-09-19,0,0,0,0,0,legacy / no structured retrieval events,True,1,3,0,False,screened_no_match,1,1,False,images/view/r1-237.webp,images/thumb/r1-237.webp,False
r1-238,238,1,Cultural knowledge,Animal,"A flightless bird native to New Zealand, a national symbol",1,1,WISE full R1 · 2026-09-19,0,0,0,0,0,legacy / no structured retrieval events,True,1,6,0,False,screened_no_match,1,1,False,images/view/r1-238.webp,images/thumb/r1-238.webp,False
r1-239,239,1,Cultural knowledge,Animal,"A large animal, a symbol of Russia's wilderness",1,1,WISE full R1 · 2026-09-19,0,0,0,0,0,legacy / no structured retrieval events,True,1,6,0,False,screened_no_match,1,1,False,images/view/r1-239.webp,images/thumb/r1-239.webp,False
r1-240,240,1,Cultural knowledge,Animal,"A large bird, representing freedom in Colombia",1,1,WISE full R1 · 2026-09-19,0,0,0,0,0,legacy / no structured retrieval events,True,1,6,0,False,screened_no_match,1,1,False,images/view/r1-240.webp,images/thumb/r1-240.webp,False
r1-241,241,1,Cultural knowledge,Animal,"The nocturnal mammal with a distinctive 'mask' around its eyes, often known for its mischievous behaviour",1,1,WISE full R1 · 2026-09-19,0,0,0,0,0,legacy / no structured retrieval events,True,1,6,0,False,screened_no_match,1,1,False,images/view/r1-241.webp,images/thumb/r1-241.webp,False
r1-242,242,1,Cultural knowledge,Animal,The animal that produces honey,1,1,WISE full R1 · 2026-09-19,0,0,0,0,0,legacy / no structured retrieval events,True,1,3,0,False,screened_no_match,1,1,False,images/view/r1-242.webp,images/thumb/r1-242.webp,False
r1-243,243,1,Cultural knowledge,Animal,A bird embodying French heritage,1,1,WISE full R1 · 2026-09-19,0,0,0,0,0,legacy / no structured retrieval events,True,1,6,0,False,screened_no_match,1,1,False,images/view/r1-243.webp,images/thumb/r1-243.webp,False
r1-244,244,1,Cultural knowledge,Animal,The bird that cannot fly but is known for its speed on land,1,1,WISE full R1 · 2026-09-19,0,0,0,0,0,legacy / no structured retrieval events,True,1,3,0,False,screened_no_match,1,1,False,images/view/r1-244.webp,images/thumb/r1-244.webp,False
r1-245,245,1,Cultural knowledge,Animal,The animal that is considered sacred in Indian culture,1,1,WISE full R1 · 2026-09-19,0,0,0,0,0,legacy / no structured retrieval events,True,1,6,0,False,screened_no_match,1,1,False,images/view/r1-245.webp,images/thumb/r1-245.webp,False
r1-246,246,1,Cultural knowledge,Animal,The animal that spins webs,1,1,WISE full R1 · 2026-09-19,0,0,0,0,0,legacy / no structured retrieval events,True,1,3,0,False,screened_no_match,1,1,False,images/view/r1-246.webp,images/thumb/r1-246.webp,False
r1-247,247,1,Cultural knowledge,Animal,"An animal, embodying the Finnish wilderness",1,1,WISE full R1 · 2026-09-19,0,0,0,0,0,legacy / no structured retrieval events,True,1,6,0,False,screened_no_match,1,1,False,images/view/r1-247.webp,images/thumb/r1-247.webp,False
r1-248,248,1,Cultural knowledge,Animal,The animal known for its black and white stripes,1,1,WISE full R1 · 2026-09-19,0,0,0,0,0,legacy / no structured retrieval events,True,1,3,0,False,screened_no_match,1,1,False,images/view/r1-248.webp,images/thumb/r1-248.webp,False
r1-249,249,1,Cultural knowledge,Animal,A powerful big cat native to Argentina,1,1,WISE full R1 · 2026-09-19,0,0,0,0,0,legacy / no structured retrieval events,True,1,6,0,False,screened_no_match,1,1,False,images/view/r1-249.webp,images/thumb/r1-249.webp,False
r1-250,250,1,Cultural knowledge,Animal,"A bird of prey, an emblem of Germany",1,1,WISE full R1 · 2026-09-19,0,0,0,0,0,legacy / no structured retrieval events,True,1,6,0,False,screened_no_match,1,1,False,images/view/r1-250.webp,images/thumb/r1-250.webp,False
r1-251,251,1,Cultural knowledge,Animal,The only mammal capable of true flight,1,1,WISE full R1 · 2026-09-19,0,0,0,0,0,legacy / no structured retrieval events,True,1,6,0,False,screened_no_match,1,1,False,images/view/r1-251.webp,images/thumb/r1-251.webp,False
r1-252,252,1,Cultural knowledge,Art,"A famous Art with a large body and strings, played by plucking",1,1,WISE full R1 · 2026-09-19,0,0,0,0,0,legacy / no structured retrieval events,True,1,6,0,False,screened_no_match,1,1,False,images/view/r1-252.webp,images/thumb/r1-252.webp,False
r1-253,253,1,Cultural knowledge,Art,"An image showcasing a brass instrument, known for its coiled shape and mellow sound, common in jazz and classical settings",1,1,WISE full R1 · 2026-09-19,0,0,0,0,0,legacy / no structured retrieval events,True,1,6,0,False,screened_no_match,1,1,False,images/view/r1-253.webp,images/thumb/r1-253.webp,False
r1-254,254,1,Cultural knowledge,Art,"An image of a wind instrument, often made of metal, that produces a bright and piercing sound, common in both classical and marching band settings",1,1,WISE full R1 · 2026-09-19,0,0,0,0,0,legacy / no structured retrieval events,True,1,3,0,False,screened_no_match,1,1,False,images/view/r1-254.webp,images/thumb/r1-254.webp,False
r1-255,255,1,Cultural knowledge,Art,"A stringed instrument with a long neck and a round body, often plucked and used in traditional Middle Eastern and North African music",1,1,WISE full R1 · 2026-09-19,0,0,0,0,0,legacy / no structured retrieval events,True,1,6,0,False,screened_no_match,1,1,False,images/view/r1-255.webp,images/thumb/r1-255.webp,False
r1-256,256,1,Cultural knowledge,Art,"Show a set of flat, metallic plates that produce a bright, shimmering sound when struck, often used in orchestral music",1,1,WISE full R1 · 2026-09-19,0,0,0,0,0,legacy / no structured retrieval events,True,1,6,0,False,screened_no_match,1,1,False,images/view/r1-256.webp,images/thumb/r1-256.webp,False
r1-257,257,1,Cultural knowledge,Art,"A string instrument of African heritage, often part of the rich heritage in West Africa",1,1,WISE full R1 · 2026-09-19,0,0,0,0,0,legacy / no structured retrieval events,True,1,6,0,False,screened_no_match,1,1,False,images/view/r1-257.webp,images/thumb/r1-257.webp,False
r1-258,258,1,Cultural knowledge,Art,"A triangular stringed instrument, often used in Russian folk music",1,1,WISE full R1 · 2026-09-19,0,0,0,0,0,legacy / no structured retrieval events,True,1,3,0,False,screened_no_match,1,1,False,images/view/r1-258.webp,images/thumb/r1-258.webp,False
r1-259,259,1,Cultural knowledge,Art,"A small, lute-like instrument with a distinctive sound, often used in Andean music of Peru",1,1,WISE full R1 · 2026-09-19,0,0,0,0,0,legacy / no structured retrieval events,True,1,6,0,False,screened_no_match,1,1,False,images/view/r1-259.webp,images/thumb/r1-259.webp,False
r1-260,260,1,Cultural knowledge,Art,"A plucked stringed instrument, often used in Hindustani classical music, known for its long neck and numerous strings",1,1,WISE full R1 · 2026-09-19,0,0,0,0,0,legacy / no structured retrieval events,True,1,6,0,False,screened_no_match,1,1,False,images/view/r1-260.webp,images/thumb/r1-260.webp,False
r1-261,261,1,Cultural knowledge,Art,"A long-necked stringed instrument with a rounded body, characteristic of Greek folk music",1,1,WISE full R1 · 2026-09-19,0,0,0,0,0,legacy / no structured retrieval events,True,1,6,0,False,screened_no_match,1,1,False,images/view/r1-261.webp,images/thumb/r1-261.webp,False
r1-262,262,1,Cultural knowledge,Art,"Show an image of a percussion instrument, made from a stretched skin, that produces a deep, resonant sound when struck, used in many forms of music from all over the world",1,1,WISE full R1 · 2026-09-19,0,0,0,0,0,legacy / no structured retrieval events,True,1,6,0,False,screened_no_match,1,1,False,images/view/r1-262.webp,images/thumb/r1-262.webp,False
r1-263,263,1,Cultural knowledge,Art,"A long, wooden wind instrument, used by Aboriginal Australians for traditional music and storytelling",1,1,WISE full R1 · 2026-09-19,0,0,0,0,0,legacy / no structured retrieval events,True,1,6,0,False,screened_no_match,1,1,False,images/view/r1-263.webp,images/thumb/r1-263.webp,False
r1-264,264,1,Cultural knowledge,Art,"A pear-shaped stringed instrument, often used in classical and folk music of Egypt",1,1,WISE full R1 · 2026-09-19,0,0,0,0,0,legacy / no structured retrieval events,True,1,6,0,False,screened_no_match,1,1,False,images/view/r1-264.webp,images/thumb/r1-264.webp,False
r1-265,265,1,Cultural knowledge,Art,"A percussive instrument, characterized by its unique sound and presence in Brazilian cultural events",1,1,WISE full R1 · 2026-09-19,0,0,0,0,0,legacy / no structured retrieval events,True,1,6,0,False,screened_no_match,1,1,False,images/view/r1-265.webp,images/thumb/r1-265.webp,False
r1-266,266,1,Cultural knowledge,Art,"An image of a small, handheld stringed instrument, often plucked with fingers, known for its cheerful and bright sound, commonly used in folk and country music",1,1,WISE full R1 · 2026-09-19,0,0,0,0,0,legacy / no structured retrieval events,True,1,6,0,False,screened_no_match,1,1,False,images/view/r1-266.webp,images/thumb/r1-266.webp,False
r1-267,267,1,Cultural knowledge,Art,"A stringed instrument, central to flamenco music, known for its intricate fretwork in Spain",1,1,WISE full R1 · 2026-09-19,0,0,0,0,0,legacy / no structured retrieval events,True,1,6,0,False,screened_no_match,1,1,False,images/view/r1-267.webp,images/thumb/r1-267.webp,False
r1-268,268,1,Cultural knowledge,Art,"A long, thin wind instrument made of wood, known for its delicate and haunting tones and often used to make melodies",1,1,WISE full R1 · 2026-09-19,0,0,0,0,0,legacy / no structured retrieval events,True,2,3,0,False,screened_no_match,1,1,False,images/view/r1-268.webp,images/thumb/r1-268.webp,False
r1-269,269,1,Cultural knowledge,Art,"A wind instrument, a symbol of Irish traditional music, known for its complex bellows and pipes",1,0,WISE full R1 · 2026-09-19,0,0,0,0,0,legacy / no structured retrieval events,True,1,6,0,False,screened_no_match,1,1,False,images/view/r1-269.webp,images/thumb/r1-269.webp,False
r1-270,270,1,Cultural knowledge,Art,"Depict an instrument with black and white keys, played by pressing them down, producing a wide range of sounds from delicate melodies to powerful chords",1,1,WISE full R1 · 2026-09-19,0,0,0,0,0,legacy / no structured retrieval events,True,1,6,0,False,screened_no_match,1,1,False,images/view/r1-270.webp,images/thumb/r1-270.webp,False
r1-271,271,1,Cultural knowledge,Art,"A traditional instrument of China, known for its numerous strings and bridges",1,1,WISE full R1 · 2026-09-19,0,0,0,0,0,legacy / no structured retrieval events,True,1,6,0,False,screened_no_match,1,1,False,images/view/r1-271.webp,images/thumb/r1-271.webp,False
r1-272,272,1,Cultural knowledge,Art,"A distinct percussive instrument, that is emblematic of Caribbean music",1,1,WISE full R1 · 2026-09-19,0,0,0,0,0,legacy / no structured retrieval events,True,1,6,0,False,screened_no_match,1,1,False,images/view/r1-272.webp,images/thumb/r1-272.webp,False
r1-273,273,1,Cultural knowledge,Art,"A wind instrument, that is an iconic part of traditional music of the Andes region",1,1,WISE full R1 · 2026-09-19,0,0,0,0,0,legacy / no structured retrieval events,True,1,6,0,False,screened_no_match,1,1,False,images/view/r1-273.webp,images/thumb/r1-273.webp,False
r1-274,274,1,Cultural knowledge,Art,"An image of a wooden instrument that produces sound by the player blowing across a mouthpiece, known for its warm and soulful tone",1,1,WISE full R1 · 2026-09-19,0,0,0,0,0,legacy / no structured retrieval events,True,1,6,0,False,screened_no_match,1,1,False,images/view/r1-274.webp,images/thumb/r1-274.webp,False
r1-275,275,1,Cultural knowledge,Art,"A bowed string instrument, popular in Korean music, with a unique sound profile and often played in traditional performances",1,1,WISE full R1 · 2026-09-19,0,0,0,0,0,legacy / no structured retrieval events,True,1,6,0,False,screened_no_match,1,1,False,images/view/r1-275.webp,images/thumb/r1-275.webp,False
r1-276,276,1,Cultural knowledge,Art,"Show an image of a large stringed instrument, often played with a bow, known for its rich, deep tones and central role in the orchestra",1,1,WISE full R1 · 2026-09-19,0,0,0,0,0,legacy / no structured retrieval events,True,1,6,0,False,screened_no_match,1,1,False,images/view/r1-276.webp,images/thumb/r1-276.webp,False
r1-277,277,1,Cultural knowledge,Art,"A stringed instrument, commonly played in a particular form of traditional music from Argentina",1,1,WISE full R1 · 2026-09-19,0,0,0,0,0,legacy / no structured retrieval events,True,1,9,0,False,screened_no_match,1,1,False,images/view/r1-277.webp,images/thumb/r1-277.webp,False
r1-278,278,1,Cultural knowledge,Art,"A wind instrument, recognized as a prominent part of Scottish cultural tradition",1,1,WISE full R1 · 2026-09-19,0,0,0,0,0,legacy / no structured retrieval events,True,1,6,0,False,screened_no_match,1,1,False,images/view/r1-278.webp,images/thumb/r1-278.webp,False
r1-279,279,1,Cultural knowledge,Art,A seated woman with an enigmatic smile in the style of Leonardo da Vinci,1,1,WISE full R1 · 2026-09-19,0,0,0,0,0,legacy / no structured retrieval events,True,1,6,0,False,screened_no_match,1,1,False,images/view/r1-279.webp,images/thumb/r1-279.webp,False
r1-280,280,1,Cultural knowledge,Art,"A Renaissance devotional painting scene associated with Raphael, centered on a robed mother holding a swaddled infant",1,1,WISE full R1 · 2026-09-19,0,0,0,0,0,legacy / no structured retrieval events,True,1,6,0,False,screened_no_match,1,1,False,images/view/r1-280.webp,images/thumb/r1-280.webp,False
r1-281,281,1,Cultural knowledge,Art,Melting clocks in a barren landscape in the style of Salvador Dali,1,1,WISE full R1 · 2026-09-19,0,0,0,0,0,legacy / no structured retrieval events,True,1,6,0,False,screened_no_match,1,1,False,images/view/r1-281.webp,images/thumb/r1-281.webp,False
r1-282,282,1,Cultural knowledge,Art,A group of peasants eating at a dimly lit table in the style of early Van Gogh,1,1,WISE full R1 · 2026-09-19,0,0,0,0,0,legacy / no structured retrieval events,True,1,6,0,False,screened_no_match,1,1,False,images/view/r1-282.webp,images/thumb/r1-282.webp,False
r1-283,283,1,Cultural knowledge,Art,A poor man in the style of Picasso's blue period,1,1,WISE full R1 · 2026-09-19,0,0,0,0,0,legacy / no structured retrieval events,True,1,6,0,False,screened_no_match,1,1,False,images/view/r1-283.webp,images/thumb/r1-283.webp,False
r1-284,284,1,Cultural knowledge,Art,An abstract canvas of splattered lines and dripping paint in the style of Jackson Pollock,1,1,WISE full R1 · 2026-09-19,0,0,0,0,0,legacy / no structured retrieval events,True,1,6,0,False,screened_no_match,1,1,False,images/view/r1-284.webp,images/thumb/r1-284.webp,False
r1-285,285,1,Cultural knowledge,Art,A heroic marble figure in the style of Michelangelo,1,1,WISE full R1 · 2026-09-19,0,0,0,0,0,legacy / no structured retrieval events,True,1,3,0,False,screened_no_match,1,1,False,images/view/r1-285.webp,images/thumb/r1-285.webp,False
r1-286,286,1,Cultural knowledge,Art,A woman's portrait with fractured geometric planes in the style of Picasso's Cubism,1,1,WISE full R1 · 2026-09-19,0,0,0,0,0,legacy / no structured retrieval events,True,1,6,0,False,screened_no_match,1,1,False,images/view/r1-286.webp,images/thumb/r1-286.webp,False
r1-287,287,1,Cultural knowledge,Art,A pond with lilies in the style of Claude Monet,1,1,WISE full R1 · 2026-09-19,0,0,0,0,0,legacy / no structured retrieval events,True,1,6,0,False,screened_no_match,1,1,False,images/view/r1-287.webp,images/thumb/r1-287.webp,False
r1-288,288,1,Cultural knowledge,Art,A black-and-white mountain landscape in the style of Ansel Adams,1,1,WISE full R1 · 2026-09-19,0,0,0,0,0,legacy / no structured retrieval events,True,1,3,0,False,screened_no_match,1,1,False,images/view/r1-288.webp,images/thumb/r1-288.webp,False
r1-289,289,1,Cultural knowledge,Celebrity,The football shirt number most strongly associated with Argentina's classic playmaker tradition,0,0,WISE full R1 · 2026-09-19,0,0,0,0,0,legacy / no structured retrieval events,True,1,6,0,False,screened_no_match,1,1,True,images/view/r1-289.webp,images/thumb/r1-289.webp,False
r1-290,290,1,Cultural knowledge,Celebrity,The basketball jersey most closely associated with Michael Jordan,1,1,WISE full R1 · 2026-09-19,0,0,0,0,0,legacy / no structured retrieval events,True,1,3,0,False,screened_no_match,1,1,False,images/view/r1-290.webp,images/thumb/r1-290.webp,False
r1-291,291,1,Cultural knowledge,Celebrity,The legendary short-handled hammer associated with the Norse thunder god,1,1,WISE full R1 · 2026-09-19,0,0,0,0,0,legacy / no structured retrieval events,True,1,6,0,False,screened_no_match,1,1,False,images/view/r1-291.webp,images/thumb/r1-291.webp,False
r1-292,292,1,Cultural knowledge,Celebrity,Hou Yi's weapon in Chinese mythology,1,1,WISE full R1 · 2026-09-19,0,0,0,0,0,legacy / no structured retrieval events,True,1,6,0,False,screened_no_match,1,1,False,images/view/r1-292.webp,images/thumb/r1-292.webp,False
r1-293,293,1,Cultural knowledge,Celebrity,The weapon of  King Arthur in Arthurian legend,1,1,WISE full R1 · 2026-09-19,0,0,0,0,0,legacy / no structured retrieval events,True,1,6,0,False,screened_no_match,1,1,False,images/view/r1-293.webp,images/thumb/r1-293.webp,False
r1-294,294,1,Cultural knowledge,Celebrity,Wright brothers' greatest invention,1,1,WISE full R1 · 2026-09-19,0,0,0,0,0,legacy / no structured retrieval events,True,1,6,0,False,screened_no_match,1,1,False,images/view/r1-294.webp,images/thumb/r1-294.webp,False
r1-295,295,1,Cultural knowledge,Celebrity,The shortened microphone-stand prop associated with classic 1970s arena rock,0,1,WISE full R1 · 2026-09-19,0,0,0,0,0,legacy / no structured retrieval events,True,1,6,0,False,screened_no_match,1,1,True,images/view/r1-295.webp,images/thumb/r1-295.webp,False
r1-296,296,1,Cultural knowledge,Celebrity,Muhammad Ali's iconic moment,1,1,WISE full R1 · 2026-09-19,0,0,0,0,0,legacy / no structured retrieval events,True,1,6,0,False,screened_no_match,1,1,False,images/view/r1-296.webp,images/thumb/r1-296.webp,False
r1-297,297,1,Cultural knowledge,Celebrity,Bruce Lee's iconic moment,1,1,WISE full R1 · 2026-09-19,0,0,0,0,0,legacy / no structured retrieval events,True,1,6,0,False,screened_no_match,1,1,False,images/view/r1-297.webp,images/thumb/r1-297.webp,False
r1-298,298,1,Cultural knowledge,Celebrity,The weapon of Guan Yu in the Romance of the Three Kingdoms,1,1,WISE full R1 · 2026-09-19,0,0,0,0,0,legacy / no structured retrieval events,True,1,6,0,False,screened_no_match,1,1,False,images/view/r1-298.webp,images/thumb/r1-298.webp,False
r1-299,299,1,Cultural knowledge,Celebrity,An unworn wine-and-gold basketball jersey bearing the culturally iconic greatness number in American professional basketball,1,1,WISE full R1 · 2026-09-19,0,0,0,0,0,legacy / no structured retrieval events,True,1,6,0,False,screened_no_match,1,1,False,images/view/r1-299.webp,images/thumb/r1-299.webp,False
r1-300,300,1,Cultural knowledge,Celebrity,Thomas Edison's greatest invention,1,1,WISE full R1 · 2026-09-19,0,0,0,0,0,legacy / no structured retrieval events,True,1,3,0,False,screened_no_match,1,1,False,images/view/r1-300.webp,images/thumb/r1-300.webp,False
r1-301,301,1,Cultural knowledge,Celebrity,Yao Ming's iconic moment,1,1,WISE full R1 · 2026-09-19,0,0,0,0,0,legacy / no structured retrieval events,True,1,6,0,False,screened_no_match,1,1,False,images/view/r1-301.webp,images/thumb/r1-301.webp,False
r1-302,302,1,Cultural knowledge,Celebrity,"Show an image of a silent film icon, embodying a lovable, downtrodden character",1,1,WISE full R1 · 2026-09-19,0,0,0,0,0,legacy / no structured retrieval events,True,1,3,0,False,screened_no_match,1,1,False,images/view/r1-302.webp,images/thumb/r1-302.webp,False
r1-303,303,1,Cultural knowledge,Celebrity,The weapon of Sun Wukong from Journey to the West,1,1,WISE full R1 · 2026-09-19,0,0,0,0,0,legacy / no structured retrieval events,True,1,6,0,False,screened_no_match,1,1,False,images/view/r1-303.webp,images/thumb/r1-303.webp,False
r1-304,304,1,Cultural knowledge,Celebrity,The weapon of Artemis in Greek mythology,1,1,WISE full R1 · 2026-09-19,0,0,0,0,0,legacy / no structured retrieval events,True,1,6,0,False,screened_no_match,1,1,False,images/view/r1-304.webp,images/thumb/r1-304.webp,False
r1-305,305,1,Cultural knowledge,Celebrity,The hearing device associated with Beethoven after his hearing declined,1,1,WISE full R1 · 2026-09-19,0,0,0,0,0,legacy / no structured retrieval events,True,1,9,0,False,screened_no_match,1,1,False,images/view/r1-305.webp,images/thumb/r1-305.webp,False
r1-306,306,1,Cultural knowledge,Celebrity,Cristiano Ronaldo's iconic moment,1,1,WISE full R1 · 2026-09-19,0,0,0,0,0,legacy / no structured retrieval events,True,1,9,0,False,screened_no_match,1,1,False,images/view/r1-306.webp,images/thumb/r1-306.webp,False
r1-307,307,1,Cultural knowledge,Celebrity,The 1980s pop stage accessory set centered on one sparkling hand accessory,1,1,WISE full R1 · 2026-09-19,0,0,0,0,0,legacy / no structured retrieval events,True,1,6,0,False,screened_no_match,1,1,False,images/view/r1-307.webp,images/thumb/r1-307.webp,False
r1-308,308,1,Cultural knowledge,Celebrity,The pond scene with floating water lilies most commonly associated with Claude Monet,1,1,WISE full R1 · 2026-09-19,0,0,0,0,0,legacy / no structured retrieval events,True,1,6,0,False,screened_no_match,1,1,False,images/view/r1-308.webp,images/thumb/r1-308.webp,False
r1-309,309,1,Cultural knowledge,Celebrity,The image of Medusa from Greek mythology,1,1,WISE full R1 · 2026-09-19,0,0,0,0,0,legacy / no structured retrieval events,True,1,6,0,False,screened_no_match,1,1,False,images/view/r1-309.webp,images/thumb/r1-309.webp,False
r1-310,310,1,Cultural knowledge,Celebrity,The food most loved by Minions from the movie franchise,1,1,WISE full R1 · 2026-09-19,0,0,0,0,0,legacy / no structured retrieval events,True,1,3,0,False,screened_no_match,1,1,False,images/view/r1-310.webp,images/thumb/r1-310.webp,False
r1-311,311,1,Cultural knowledge,Celebrity,The object used by Harry Potter to fly in the Quidditch game,1,1,WISE full R1 · 2026-09-19,0,0,0,0,0,legacy / no structured retrieval events,True,1,6,0,False,screened_no_match,1,1,False,images/view/r1-311.webp,images/thumb/r1-311.webp,False
r1-312,312,1,Cultural knowledge,Celebrity,The steed of Tang Sanzang from Journey to the West,1,1,WISE full R1 · 2026-09-19,0,0,0,0,0,legacy / no structured retrieval events,True,1,6,0,False,screened_no_match,1,1,False,images/view/r1-312.webp,images/thumb/r1-312.webp,False
r1-313,313,1,Cultural knowledge,Celebrity,The weapon of Shiva in Hindu mythology,1,1,WISE full R1 · 2026-09-19,0,0,0,0,0,legacy / no structured retrieval events,True,1,3,0,False,screened_no_match,1,1,False,images/view/r1-313.webp,images/thumb/r1-313.webp,False
r1-314,314,1,Cultural knowledge,Celebrity,The magical item of Hermes in Greek mythology,1,1,WISE full R1 · 2026-09-19,0,0,0,0,0,legacy / no structured retrieval events,True,1,6,0,False,screened_no_match,1,1,False,images/view/r1-314.webp,images/thumb/r1-314.webp,False
r1-315,315,1,Cultural knowledge,Celebrity,George Washington's favorite animal,1,1,WISE full R1 · 2026-09-19,0,0,0,0,0,legacy / no structured retrieval events,True,1,6,0,False,screened_no_match,1,1,False,images/view/r1-315.webp,images/thumb/r1-315.webp,False
r1-316,316,1,Cultural knowledge,Celebrity,The wise master from the Kung Fu Panda movie,1,1,WISE full R1 · 2026-09-19,0,0,0,0,0,legacy / no structured retrieval events,True,1,6,0,False,screened_no_match,1,1,False,images/view/r1-316.webp,images/thumb/r1-316.webp,False
r1-317,317,1,Cultural knowledge,Celebrity,Vincent van Gogh's favorite flower,1,1,WISE full R1 · 2026-09-19,0,0,0,0,0,legacy / no structured retrieval events,True,1,6,0,False,screened_no_match,1,1,False,images/view/r1-317.webp,images/thumb/r1-317.webp,False
r1-318,318,1,Cultural knowledge,Celebrity,Ludwig van Beethoven's favorite instrument,1,1,WISE full R1 · 2026-09-19,0,0,0,0,0,legacy / no structured retrieval events,True,1,6,0,False,screened_no_match,1,1,False,images/view/r1-318.webp,images/thumb/r1-318.webp,False
r1-319,319,1,Cultural knowledge,Celebrity,Mendel's famous experiment scene,1,1,WISE full R1 · 2026-09-19,0,0,0,0,0,legacy / no structured retrieval events,True,1,6,0,False,screened_no_match,1,1,False,images/view/r1-319.webp,images/thumb/r1-319.webp,False
r1-320,320,1,Cultural knowledge,Celebrity,Kobe Bryant's iconic moment,1,1,WISE full R1 · 2026-09-19,0,0,0,0,0,legacy / no structured retrieval events,True,1,6,0,False,screened_no_match,1,1,False,images/view/r1-320.webp,images/thumb/r1-320.webp,False
r1-321,321,1,Cultural knowledge,Celebrity,Roger Federer's iconic moment,1,0,WISE full R1 · 2026-09-19,0,0,0,0,0,legacy / no structured retrieval events,True,1,6,0,False,screened_no_match,1,1,False,images/view/r1-321.webp,images/thumb/r1-321.webp,False
r1-322,322,1,Cultural knowledge,Celebrity,William Shakespeare's most famous play,1,1,WISE full R1 · 2026-09-19,0,0,0,0,0,legacy / no structured retrieval events,True,1,6,0,False,screened_no_match,1,1,False,images/view/r1-322.webp,images/thumb/r1-322.webp,False
r1-323,323,1,Cultural knowledge,Celebrity,The most iconic architectural structure of ancient Egypt,1,1,WISE full R1 · 2026-09-19,0,0,0,0,0,legacy / no structured retrieval events,True,1,6,0,False,screened_no_match,1,1,False,images/view/r1-323.webp,images/thumb/r1-323.webp,False
r1-324,324,1,Cultural knowledge,Celebrity,The weapon of Apollo in Greek mythology,1,1,WISE full R1 · 2026-09-19,0,0,0,0,0,legacy / no structured retrieval events,True,1,3,0,False,screened_no_match,1,1,False,images/view/r1-324.webp,images/thumb/r1-324.webp,False
r1-325,325,1,Cultural knowledge,Celebrity,The weapon of Thor in Norse mythology,1,1,WISE full R1 · 2026-09-19,0,0,0,0,0,legacy / no structured retrieval events,True,1,6,0,False,screened_no_match,1,1,False,images/view/r1-325.webp,images/thumb/r1-325.webp,False
r1-326,326,1,Cultural knowledge,Celebrity,The steed of Odin in Norse mythology,0,0,WISE full R1 · 2026-09-19,0,0,0,0,0,legacy / no structured retrieval events,True,1,6,0,False,screened_no_match,1,1,True,images/view/r1-326.webp,images/thumb/r1-326.webp,False
r1-327,327,1,Cultural knowledge,Celebrity,The capture device from a famous Japanese monster-training game and animation franchise,1,1,WISE full R1 · 2026-09-19,0,0,0,0,0,legacy / no structured retrieval events,True,1,6,0,False,screened_no_match,1,1,False,images/view/r1-327.webp,images/thumb/r1-327.webp,False
r1-328,328,1,Cultural knowledge,Celebrity,The face of Yang Jian from Chinese mythology,0,1,WISE full R1 · 2026-09-19,0,0,0,0,0,legacy / no structured retrieval events,True,1,9,0,False,screened_no_match,1,1,True,images/view/r1-328.webp,images/thumb/r1-328.webp,False
r1-329,329,1,Cultural knowledge,Celebrity,Albert Einstein's favorite musical instruments,1,1,WISE full R1 · 2026-09-19,0,0,0,0,0,legacy / no structured retrieval events,True,1,6,0,False,screened_no_match,1,1,False,images/view/r1-329.webp,images/thumb/r1-329.webp,False
r1-330,330,1,Cultural knowledge,Celebrity,The animal often seen with Nasreddin Hodja,1,1,WISE full R1 · 2026-09-19,0,0,0,0,0,legacy / no structured retrieval events,True,1,6,0,False,screened_no_match,1,1,False,images/view/r1-330.webp,images/thumb/r1-330.webp,False
r1-331,331,1,Cultural knowledge,Celebrity,The object used to find the heroine in Cinderella,1,1,WISE full R1 · 2026-09-19,0,0,0,0,0,legacy / no structured retrieval events,True,1,3,0,False,screened_no_match,1,1,False,images/view/r1-331.webp,images/thumb/r1-331.webp,False
r1-332,332,1,Cultural knowledge,Celebrity,The item used by Nuwa to mend the sky in Chinese mythology,1,1,WISE full R1 · 2026-09-19,0,0,0,0,0,legacy / no structured retrieval events,True,1,6,0,False,screened_no_match,1,1,False,images/view/r1-332.webp,images/thumb/r1-332.webp,False
r1-333,333,1,Cultural knowledge,Celebrity,The bird image widely associated with Pablo Picasso as a symbol of peace,1,1,WISE full R1 · 2026-09-19,0,0,0,0,0,legacy / no structured retrieval events,True,1,6,0,False,screened_no_match,1,1,False,images/view/r1-333.webp,images/thumb/r1-333.webp,False
r1-334,334,1,Cultural knowledge,Celebrity,The symbol of Hera in Greek mythology,1,1,WISE full R1 · 2026-09-19,0,0,0,0,0,legacy / no structured retrieval events,True,1,6,0,False,screened_no_match,1,1,False,images/view/r1-334.webp,images/thumb/r1-334.webp,False
r1-335,335,1,Cultural knowledge,Celebrity,"The seated bronze figure with one hand under his chin, widely recognized as a symbol of contemplation",1,1,WISE full R1 · 2026-09-19,0,0,0,0,0,legacy / no structured retrieval events,True,1,6,0,False,screened_no_match,1,1,False,images/view/r1-335.webp,images/thumb/r1-335.webp,False
r1-336,336,1,Cultural knowledge,Celebrity,The weapon of Zhu Bajie from Journey to the West,1,1,WISE full R1 · 2026-09-19,0,0,0,0,0,legacy / no structured retrieval events,True,2,6,0,False,screened_no_match,1,1,False,images/view/r1-336.webp,images/thumb/r1-336.webp,False
r1-337,337,1,Cultural knowledge,Celebrity,The animal from the fairy tale Little Red Riding Hood,1,1,WISE full R1 · 2026-09-19,0,0,0,0,0,legacy / no structured retrieval events,True,1,6,0,False,screened_no_match,1,1,False,images/view/r1-337.webp,images/thumb/r1-337.webp,False
r1-338,338,1,Cultural knowledge,Celebrity,The weapon of Yang Jian from Chinese mythology,1,1,WISE full R1 · 2026-09-19,0,0,0,0,0,legacy / no structured retrieval events,True,1,6,0,False,screened_no_match,1,1,False,images/view/r1-338.webp,images/thumb/r1-338.webp,False
r1-339,339,1,Cultural knowledge,Celebrity,Michael Phelps' iconic moment,0,1,WISE full R1 · 2026-09-19,0,0,0,0,0,legacy / no structured retrieval events,True,1,6,0,False,screened_no_match,1,1,True,images/view/r1-339.webp,images/thumb/r1-339.webp,False
r1-340,340,1,Cultural knowledge,Celebrity,"The iconic moment of Neil Armstrong, in which he took the first steps on a new surface",0,1,WISE full R1 · 2026-09-19,0,0,0,0,0,legacy / no structured retrieval events,True,1,6,0,False,screened_no_match,1,1,True,images/view/r1-340.webp,images/thumb/r1-340.webp,False
r1-341,341,1,Cultural knowledge,Celebrity,An iconic structure designed by Antoni Gaudí in Barcelona,1,1,WISE full R1 · 2026-09-19,0,0,0,0,0,legacy / no structured retrieval events,True,1,6,0,False,screened_no_match,1,1,False,images/view/r1-341.webp,images/thumb/r1-341.webp,False
r1-342,342,1,Cultural knowledge,Celebrity,"Show an image depicting a popular character from Japanese animation, known for their spiky blond hair and distinctive headband",1,1,WISE full R1 · 2026-09-19,0,0,0,0,0,legacy / no structured retrieval events,True,1,3,0,False,screened_no_match,1,1,False,images/view/r1-342.webp,images/thumb/r1-342.webp,False
r1-343,343,1,Cultural knowledge,Celebrity,The iconic hat of the protagonist of One Piece in Japan,1,1,WISE full R1 · 2026-09-19,0,0,0,0,0,legacy / no structured retrieval events,True,1,6,0,False,screened_no_match,1,1,False,images/view/r1-343.webp,images/thumb/r1-343.webp,False
r1-344,344,1,Cultural knowledge,Celebrity,The item held by Zhuge Liang in the Romance of the Three Kingdoms,1,1,WISE full R1 · 2026-09-19,0,0,0,0,0,legacy / no structured retrieval events,True,1,9,0,False,screened_no_match,1,1,False,images/view/r1-344.webp,images/thumb/r1-344.webp,False
r1-345,345,1,Cultural knowledge,Celebrity,The weapon famously wielded by Captain America in Marvel,1,1,WISE full R1 · 2026-09-19,0,0,0,0,0,legacy / no structured retrieval events,True,1,6,0,False,screened_no_match,1,1,False,images/view/r1-345.webp,images/thumb/r1-345.webp,False
r1-346,346,1,Cultural knowledge,Celebrity,Leonardo da Vinci's most famous painting,1,1,WISE full R1 · 2026-09-19,0,0,0,0,0,legacy / no structured retrieval events,True,1,6,0,False,screened_no_match,1,1,False,images/view/r1-346.webp,images/thumb/r1-346.webp,False
r1-347,347,1,Cultural knowledge,Celebrity,"The geometric frame from Leonardo da Vinci's famous Renaissance study of human proportions, combining a circle and a square",0,0,WISE full R1 · 2026-09-19,0,0,0,0,0,legacy / no structured retrieval events,True,1,6,0,False,screened_no_match,1,1,True,images/view/r1-347.webp,images/thumb/r1-347.webp,False
r1-348,348,1,Cultural knowledge,Celebrity,Winston Churchill's greatest hobby,1,1,WISE full R1 · 2026-09-19,0,0,0,0,0,legacy / no structured retrieval events,True,1,6,0,False,screened_no_match,1,1,False,images/view/r1-348.webp,images/thumb/r1-348.webp,False
r1-349,349,1,Cultural knowledge,Celebrity,The weapon used by Black Panther in Marvel,1,1,WISE full R1 · 2026-09-19,0,0,0,0,0,legacy / no structured retrieval events,True,1,6,0,False,screened_no_match,1,1,False,images/view/r1-349.webp,images/thumb/r1-349.webp,False
r1-350,350,1,Cultural knowledge,Celebrity,The weapon used by Lü Bu in the Romance of the Three Kingdoms,1,1,WISE full R1 · 2026-09-19,0,0,0,0,0,legacy / no structured retrieval events,True,1,6,0,False,screened_no_match,1,1,False,images/view/r1-350.webp,images/thumb/r1-350.webp,False
r1-351,351,1,Cultural knowledge,Celebrity,Lewis Hamilton's iconic moment,1,1,WISE full R1 · 2026-09-19,0,0,0,0,0,legacy / no structured retrieval events,True,1,9,0,False,screened_no_match,1,1,False,images/view/r1-351.webp,images/thumb/r1-351.webp,False
r1-352,352,1,Cultural knowledge,Celebrity,Alexander Graham Bell's greatest invention,1,1,WISE full R1 · 2026-09-19,0,0,0,0,0,legacy / no structured retrieval events,True,1,6,0,False,screened_no_match,1,1,False,images/view/r1-352.webp,images/thumb/r1-352.webp,False
r1-353,353,1,Cultural knowledge,Life,Typical food for a birthday celebration,1,1,WISE full R1 · 2026-09-19,0,0,0,0,0,legacy / no structured retrieval events,True,1,3,0,False,screened_no_match,1,1,False,images/view/r1-353.webp,images/thumb/r1-353.webp,False
r1-354,354,1,Cultural knowledge,Life,A common pet that meows,1,1,WISE full R1 · 2026-09-19,0,0,0,0,0,legacy / no structured retrieval events,True,1,3,0,False,screened_no_match,1,1,False,images/view/r1-354.webp,images/thumb/r1-354.webp,False
r1-355,355,1,Cultural knowledge,Life,A traditional mode of transportation in Egypt,1,1,WISE full R1 · 2026-09-19,0,0,0,0,0,legacy / no structured retrieval events,True,1,6,0,False,screened_no_match,1,1,False,images/view/r1-355.webp,images/thumb/r1-355.webp,False
r1-356,356,1,Cultural knowledge,Life,Show an image of the tool that is commonly used to drive nails,1,1,WISE full R1 · 2026-09-19,0,0,0,0,0,legacy / no structured retrieval events,True,1,3,0,False,screened_no_match,1,1,False,images/view/r1-356.webp,images/thumb/r1-356.webp,False
r1-357,357,1,Cultural knowledge,Life,The grain that rice is derived from,1,1,WISE full R1 · 2026-09-19,0,0,0,0,0,legacy / no structured retrieval events,True,1,6,0,False,screened_no_match,1,1,False,images/view/r1-357.webp,images/thumb/r1-357.webp,False
r1-358,358,1,Cultural knowledge,Life,Common tool that protects from the rain,1,1,WISE full R1 · 2026-09-19,0,0,0,0,0,legacy / no structured retrieval events,True,1,3,0,False,screened_no_match,1,1,False,images/view/r1-358.webp,images/thumb/r1-358.webp,False
r1-359,359,1,Cultural knowledge,Life,The hand-held optical device soldiers use to observe distant targets from afar,1,1,WISE full R1 · 2026-09-19,0,0,0,0,0,legacy / no structured retrieval events,True,1,6,0,False,screened_no_match,1,1,False,images/view/r1-359.webp,images/thumb/r1-359.webp,False
r1-360,360,1,Cultural knowledge,Life,The keyboard instrument with black and white keys used in homes and concert halls,1,1,WISE full R1 · 2026-09-19,0,0,0,0,0,legacy / no structured retrieval events,True,1,6,0,False,screened_no_match,1,1,False,images/view/r1-360.webp,images/thumb/r1-360.webp,False
r1-361,361,1,Cultural knowledge,Life,The appliance used in daily life to cook food with strong pressure,1,1,WISE full R1 · 2026-09-19,0,0,0,0,0,legacy / no structured retrieval events,True,1,6,0,False,screened_no_match,1,1,False,images/view/r1-361.webp,images/thumb/r1-361.webp,False
r1-362,362,1,Cultural knowledge,Life,The device specifically used for taking photographs,1,1,WISE full R1 · 2026-09-19,0,0,0,0,0,legacy / no structured retrieval events,True,1,3,0,False,screened_no_match,1,1,False,images/view/r1-362.webp,images/thumb/r1-362.webp,False
r1-363,363,1,Cultural knowledge,Life,The most common pointing device for computers,1,1,WISE full R1 · 2026-09-19,0,0,0,0,0,legacy / no structured retrieval events,True,1,3,0,False,screened_no_match,1,1,False,images/view/r1-363.webp,images/thumb/r1-363.webp,False
r1-364,364,1,Cultural knowledge,Life,"A small device that can be used to see things close, commonly used by detectives",1,1,WISE full R1 · 2026-09-19,0,0,0,0,0,legacy / no structured retrieval events,True,1,3,0,False,screened_no_match,1,1,False,images/view/r1-364.webp,images/thumb/r1-364.webp,False
r1-365,365,1,Cultural knowledge,Life,The key ingredient in making zongzi,1,1,WISE full R1 · 2026-09-19,0,0,0,0,0,legacy / no structured retrieval events,True,1,6,0,False,screened_no_match,1,1,False,images/view/r1-365.webp,images/thumb/r1-365.webp,False
r1-366,366,1,Cultural knowledge,Life,A large circular amusement-park ride with passenger cabins suspended around its rim,1,1,WISE full R1 · 2026-09-19,0,0,0,0,0,legacy / no structured retrieval events,True,1,6,0,False,screened_no_match,1,1,False,images/view/r1-366.webp,images/thumb/r1-366.webp,False
r1-367,367,1,Cultural knowledge,Life,The transportation inspired by the characteristics of birds,1,1,WISE full R1 · 2026-09-19,0,0,0,0,0,legacy / no structured retrieval events,True,1,6,0,False,screened_no_match,1,1,False,images/view/r1-367.webp,images/thumb/r1-367.webp,False
r1-368,368,1,Cultural knowledge,Life,A place where books are kept and borrowed,1,1,WISE full R1 · 2026-09-19,0,0,0,0,0,legacy / no structured retrieval events,True,1,6,0,False,screened_no_match,1,1,False,images/view/r1-368.webp,images/thumb/r1-368.webp,False
r1-369,369,1,Cultural knowledge,Life,The object often used to keep light away while sleeping,1,1,WISE full R1 · 2026-09-19,0,0,0,0,0,legacy / no structured retrieval events,True,1,6,0,False,screened_no_match,1,1,False,images/view/r1-369.webp,images/thumb/r1-369.webp,False
r1-370,370,1,Cultural knowledge,Life,The fruit used to make candied hawthorn,1,1,WISE full R1 · 2026-09-19,0,0,0,0,0,legacy / no structured retrieval events,True,1,9,0,False,screened_no_match,1,1,False,images/view/r1-370.webp,images/thumb/r1-370.webp,False
r1-371,371,1,Cultural knowledge,Life,The device used to measure temperature,1,1,WISE full R1 · 2026-09-19,0,0,0,0,0,legacy / no structured retrieval events,True,1,6,0,False,screened_no_match,1,1,False,images/view/r1-371.webp,images/thumb/r1-371.webp,False
r1-372,372,1,Cultural knowledge,Life,The most common input device for computers,1,1,WISE full R1 · 2026-09-19,0,0,0,0,0,legacy / no structured retrieval events,True,1,6,0,False,screened_no_match,1,1,False,images/view/r1-372.webp,images/thumb/r1-372.webp,False
r1-373,373,1,Cultural knowledge,Life,Most representative currency of the European Union,1,1,WISE full R1 · 2026-09-19,0,0,0,0,0,legacy / no structured retrieval events,True,1,6,0,False,screened_no_match,1,1,False,images/view/r1-373.webp,images/thumb/r1-373.webp,False
r1-374,374,1,Cultural knowledge,Life,The animal most commonly used to guide the blind,1,1,WISE full R1 · 2026-09-19,0,0,0,0,0,legacy / no structured retrieval events,True,1,3,0,False,screened_no_match,1,1,False,images/view/r1-374.webp,images/thumb/r1-374.webp,False
r1-375,375,1,Cultural knowledge,Life,The grain used to make popcorn,1,1,WISE full R1 · 2026-09-19,0,0,0,0,0,legacy / no structured retrieval events,True,1,6,0,False,screened_no_match,1,1,False,images/view/r1-375.webp,images/thumb/r1-375.webp,False
r1-376,376,1,Cultural knowledge,Life,A common piece of clothing that protects from the rain,1,1,WISE full R1 · 2026-09-19,0,0,0,0,0,legacy / no structured retrieval events,True,2,6,0,False,screened_no_match,1,1,False,images/view/r1-376.webp,images/thumb/r1-376.webp,False
r1-377,377,1,Cultural knowledge,Life,The ancient Chinese invention used for navigation during maritime exploration,1,1,WISE full R1 · 2026-09-19,0,0,0,0,0,legacy / no structured retrieval events,True,1,9,0,False,screened_no_match,1,1,False,images/view/r1-377.webp,images/thumb/r1-377.webp,False
r1-378,378,1,Cultural knowledge,Life,The common tool used for eating steak in Western culture,1,1,WISE full R1 · 2026-09-19,0,0,0,0,0,legacy / no structured retrieval events,True,1,3,0,False,screened_no_match,1,1,False,images/view/r1-378.webp,images/thumb/r1-378.webp,False
r1-379,379,1,Cultural knowledge,Life,Most commonly used currency in the world,1,1,WISE full R1 · 2026-09-19,0,0,0,0,0,legacy / no structured retrieval events,True,1,6,0,False,screened_no_match,1,1,False,images/view/r1-379.webp,images/thumb/r1-379.webp,False
r1-380,380,1,Cultural knowledge,Life,The grain used in the production of beer,1,1,WISE full R1 · 2026-09-19,0,0,0,0,0,legacy / no structured retrieval events,True,1,6,0,False,screened_no_match,1,1,False,images/view/r1-380.webp,images/thumb/r1-380.webp,False
r1-381,381,1,Cultural knowledge,Life,The official currency used in the South Asian country governed from New Delhi,0,0,WISE full R1 · 2026-09-19,0,0,0,0,0,legacy / no structured retrieval events,True,1,6,0,False,screened_no_match,1,1,True,images/view/r1-381.webp,images/thumb/r1-381.webp,False
r1-382,382,1,Cultural knowledge,Life,The item worn to protect the head while riding a motorcycle,1,1,WISE full R1 · 2026-09-19,0,0,0,0,0,legacy / no structured retrieval events,True,1,3,0,False,screened_no_match,1,1,False,images/view/r1-382.webp,images/thumb/r1-382.webp,False
r1-383,383,1,Cultural knowledge,Life,The most important organ responsible for gas exchange in humans,1,1,WISE full R1 · 2026-09-19,0,0,0,0,0,legacy / no structured retrieval events,True,2,3,0,False,screened_no_match,1,1,False,images/view/r1-383.webp,images/thumb/r1-383.webp,False
r1-384,384,1,Cultural knowledge,Life,A vehicle used for public transportation in a city,1,1,WISE full R1 · 2026-09-19,0,0,0,0,0,legacy / no structured retrieval events,True,1,6,0,False,screened_no_match,1,1,False,images/view/r1-384.webp,images/thumb/r1-384.webp,False
r1-385,385,1,Cultural knowledge,Life,The ancient Chinese invention among the Four Great Inventions that later made fireworks possible,0,1,WISE full R1 · 2026-09-19,0,0,0,0,0,legacy / no structured retrieval events,True,1,6,0,False,screened_no_match,1,1,True,images/view/r1-385.webp,images/thumb/r1-385.webp,False
r1-386,386,1,Cultural knowledge,Life,"Show a device commonly used to heat up a liquid like water, for tea or coffee",1,1,WISE full R1 · 2026-09-19,0,0,0,0,0,legacy / no structured retrieval events,True,1,6,0,False,screened_no_match,1,1,False,images/view/r1-386.webp,images/thumb/r1-386.webp,False
r1-387,387,1,Cultural knowledge,Life,A tool for cutting paper,1,1,WISE full R1 · 2026-09-19,0,0,0,0,0,legacy / no structured retrieval events,True,1,3,0,False,screened_no_match,1,1,False,images/view/r1-387.webp,images/thumb/r1-387.webp,False
r1-388,388,1,Cultural knowledge,Life,The winged fire-breathing monster most closely associated with medieval European legends,1,1,WISE full R1 · 2026-09-19,0,0,0,0,0,legacy / no structured retrieval events,True,1,6,0,False,screened_no_match,1,1,False,images/view/r1-388.webp,images/thumb/r1-388.webp,False
r1-389,389,1,Cultural knowledge,Life,Most representative currency of the United Kingdom,1,0,WISE full R1 · 2026-09-19,0,0,0,0,0,legacy / no structured retrieval events,True,1,6,0,False,screened_no_match,1,1,False,images/view/r1-389.webp,images/thumb/r1-389.webp,False
r1-390,390,1,Cultural knowledge,Life,The astronomical tool used for observing celestial bodies,1,1,WISE full R1 · 2026-09-19,0,0,0,0,0,legacy / no structured retrieval events,True,1,6,0,False,screened_no_match,1,1,False,images/view/r1-390.webp,images/thumb/r1-390.webp,False
r1-391,391,1,Cultural knowledge,Life,The item worn by Chinese primary school students during the flag-raising ceremony,1,1,WISE full R1 · 2026-09-19,0,0,0,0,0,legacy / no structured retrieval events,True,1,3,0,False,screened_no_match,1,1,False,images/view/r1-391.webp,images/thumb/r1-391.webp,False
r1-392,392,1,Cultural knowledge,Life,The main ingredients used to make fried dough sticks,1,1,WISE full R1 · 2026-09-19,0,0,0,0,0,legacy / no structured retrieval events,True,1,6,0,False,screened_no_match,1,1,False,images/view/r1-392.webp,images/thumb/r1-392.webp,False
r1-393,393,1,Cultural knowledge,Life,"A large, traditional vehicle used for travel in cold climates, often pulled by dogs",1,1,WISE full R1 · 2026-09-19,0,0,0,0,0,legacy / no structured retrieval events,True,1,6,0,False,screened_no_match,1,1,False,images/view/r1-393.webp,images/thumb/r1-393.webp,False
r1-394,394,1,Cultural knowledge,Life,"A structure made of ice, traditionally built by the Inuit people",1,1,WISE full R1 · 2026-09-19,0,0,0,0,0,legacy / no structured retrieval events,True,1,6,0,False,screened_no_match,1,1,False,images/view/r1-394.webp,images/thumb/r1-394.webp,False
r1-395,395,1,Cultural knowledge,Life,A small device used to control electronic devices remotely,1,1,WISE full R1 · 2026-09-19,0,0,0,0,0,legacy / no structured retrieval events,True,1,3,0,False,screened_no_match,1,1,False,images/view/r1-395.webp,images/thumb/r1-395.webp,False
r1-396,396,1,Cultural knowledge,Life,The official currency of the second largest economy in the world,1,1,WISE full R1 · 2026-09-19,0,0,0,0,0,legacy / no structured retrieval events,True,1,6,0,False,screened_no_match,1,1,False,images/view/r1-396.webp,images/thumb/r1-396.webp,False
r1-397,397,1,Cultural knowledge,Life,The appliance used in daily life to keep food fresh,1,1,WISE full R1 · 2026-09-19,0,0,0,0,0,legacy / no structured retrieval events,True,1,6,0,False,screened_no_match,1,1,False,images/view/r1-397.webp,images/thumb/r1-397.webp,False
r1-398,398,1,Cultural knowledge,Life,The traditional Japanese garment often worn during festivals,1,1,WISE full R1 · 2026-09-19,0,0,0,0,0,legacy / no structured retrieval events,True,1,6,0,False,screened_no_match,1,1,False,images/view/r1-398.webp,images/thumb/r1-398.webp,False
r1-399,399,1,Cultural knowledge,Life,"A common object used to keep hair out of face, often made of plastic or metal",1,1,WISE full R1 · 2026-09-19,0,0,0,0,0,legacy / no structured retrieval events,True,1,6,0,False,screened_no_match,1,1,False,images/view/r1-399.webp,images/thumb/r1-399.webp,False
r1-400,400,1,Cultural knowledge,Life,Show an image of an object people often use to look at a reflection of themselves,1,1,WISE full R1 · 2026-09-19,0,0,0,0,0,legacy / no structured retrieval events,True,1,3,0,False,screened_no_match,1,1,False,images/view/r1-400.webp,images/thumb/r1-400.webp,False
r1-401,401,1,time,Horizontal time,The Sydney Opera House when London has just passed midnight.,1,1,WISE full R1 · 2026-09-19,0,0,0,0,0,legacy / no structured retrieval events,True,1,6,0,False,screened_no_match,1,1,False,images/view/r1-401.webp,images/thumb/r1-401.webp,False
r1-402,402,1,time,Horizontal time,The monastery gate when robins are tugging worms from the grass in the yard.,1,1,WISE full R1 · 2026-09-19,0,0,0,0,0,legacy / no structured retrieval events,True,1,9,0,False,screened_no_match,1,1,False,images/view/r1-402.webp,images/thumb/r1-402.webp,False
r1-403,403,1,time,Horizontal time,The stone courtyard below a bell tower when crickets begin chirping around the wall.,1,1,WISE full R1 · 2026-09-19,0,0,0,0,0,legacy / no structured retrieval events,True,1,6,0,False,screened_no_match,1,1,False,images/view/r1-403.webp,images/thumb/r1-403.webp,False
r1-404,404,1,time,Horizontal time,The pond footbridge when dragonflies are skimming low over the surface.,1,1,WISE full R1 · 2026-09-19,0,0,0,0,0,legacy / no structured retrieval events,True,1,6,0,False,screened_no_match,1,1,False,images/view/r1-404.webp,images/thumb/r1-404.webp,False
r1-405,405,1,time,Horizontal time,The orchard watch hut when the first bats begin leaving the trees.,1,1,WISE full R1 · 2026-09-19,0,0,0,0,0,legacy / no structured retrieval events,True,1,6,0,False,screened_no_match,1,1,False,images/view/r1-405.webp,images/thumb/r1-405.webp,False
r1-406,406,1,time,Horizontal time,The Brooklyn Bridge when Tokyo is reaching noon.,1,1,WISE full R1 · 2026-09-19,0,0,0,0,0,legacy / no structured retrieval events,True,1,6,0,False,screened_no_match,1,1,False,images/view/r1-406.webp,images/thumb/r1-406.webp,False
r1-407,407,1,time,Horizontal time,The chapel path when robins have already begun singing in the cypress trees.,1,1,WISE full R1 · 2026-09-19,0,0,0,0,0,legacy / no structured retrieval events,True,1,6,0,False,screened_no_match,1,1,False,images/view/r1-407.webp,images/thumb/r1-407.webp,False
r1-408,408,1,time,Horizontal time,The canals of Amsterdam when Seoul is beginning the workday.,1,1,WISE full R1 · 2026-09-19,0,0,0,0,0,legacy / no structured retrieval events,True,1,6,0,False,screened_no_match,1,1,False,images/view/r1-408.webp,images/thumb/r1-408.webp,False
r1-409,409,1,time,Horizontal time,The harbor in Vancouver when Shanghai is entering the lunch hour.,1,1,WISE full R1 · 2026-09-19,0,0,0,0,0,legacy / no structured retrieval events,True,1,9,0,False,screened_no_match,1,1,False,images/view/r1-409.webp,images/thumb/r1-409.webp,False
r1-410,410,1,time,Horizontal time,The riverside steps when the first fireflies begin appearing above the reeds.,1,1,WISE full R1 · 2026-09-19,0,0,0,0,0,legacy / no structured retrieval events,True,1,9,0,False,screened_no_match,1,1,False,images/view/r1-410.webp,images/thumb/r1-410.webp,False
r1-411,411,1,time,Horizontal time,The temple gate in Kyoto when Paris is finishing lunch.,1,1,WISE full R1 · 2026-09-19,0,0,0,0,0,legacy / no structured retrieval events,True,1,9,0,False,screened_no_match,1,1,False,images/view/r1-411.webp,images/thumb/r1-411.webp,False
r1-412,412,1,time,Horizontal time,The rice paddies when lotus flowers start closing their petals.,1,1,WISE full R1 · 2026-09-19,0,0,0,0,0,legacy / no structured retrieval events,True,1,9,0,False,screened_no_match,1,1,False,images/view/r1-412.webp,images/thumb/r1-412.webp,False
r1-413,413,1,time,Horizontal time,The beach boardwalk when ghost crabs have begun emerging from the dunes.,1,1,WISE full R1 · 2026-09-19,0,0,0,0,0,legacy / no structured retrieval events,True,1,6,0,False,screened_no_match,1,1,False,images/view/r1-413.webp,images/thumb/r1-413.webp,False
r1-414,414,1,time,Horizontal time,The streets around the Colosseum when Sydney has just passed midnight.,1,1,WISE full R1 · 2026-09-19,0,0,0,0,0,legacy / no structured retrieval events,True,1,9,0,False,screened_no_match,1,1,False,images/view/r1-414.webp,images/thumb/r1-414.webp,False
r1-415,415,1,time,Horizontal time,The plaza in Madrid when Tokyo is settling into midnight.,1,1,WISE full R1 · 2026-09-19,0,0,0,0,0,legacy / no structured retrieval events,True,1,12,0,False,screened_no_match,1,1,False,images/view/r1-415.webp,images/thumb/r1-415.webp,False
r1-416,416,1,time,Horizontal time,The village pond when the first frogs begin calling from the reeds.,1,1,WISE full R1 · 2026-09-19,0,0,0,0,0,legacy / no structured retrieval events,True,1,6,0,False,screened_no_match,1,1,False,images/view/r1-416.webp,images/thumb/r1-416.webp,False
r1-417,417,1,time,Horizontal time,The waterfront in Auckland when Dubai is reaching noon.,1,1,WISE full R1 · 2026-09-19,0,0,0,0,0,legacy / no structured retrieval events,True,1,6,0,False,screened_no_match,1,1,False,images/view/r1-417.webp,images/thumb/r1-417.webp,False
r1-418,418,1,time,Horizontal time,The market square in Krakow when Singapore is starting breakfast.,1,1,WISE full R1 · 2026-09-19,0,0,0,0,0,legacy / no structured retrieval events,True,1,6,0,False,screened_no_match,1,1,False,images/view/r1-418.webp,images/thumb/r1-418.webp,False
r1-419,419,1,time,Horizontal time,The stone path beside the conservatory when night moths begin circling the vines above it.,1,1,WISE full R1 · 2026-09-19,0,0,0,0,0,legacy / no structured retrieval events,True,1,6,0,False,screened_no_match,1,1,False,images/view/r1-419.webp,images/thumb/r1-419.webp,False
r1-420,420,1,time,Horizontal time,The shrine approach in Nara when Mexico City is just entering the afternoon.,1,1,WISE full R1 · 2026-09-19,0,0,0,0,0,legacy / no structured retrieval events,True,1,6,0,False,screened_no_match,1,1,False,images/view/r1-420.webp,images/thumb/r1-420.webp,False
r1-421,421,1,time,Horizontal time,The garden gate when honeybees have started working the flower boxes by the fence.,1,1,WISE full R1 · 2026-09-19,0,0,0,0,0,legacy / no structured retrieval events,True,1,6,0,False,screened_no_match,1,1,False,images/view/r1-421.webp,images/thumb/r1-421.webp,False
r1-422,422,1,time,Horizontal time,The Charles Bridge when Seoul is at lunchtime.,1,1,WISE full R1 · 2026-09-19,0,0,0,0,0,legacy / no structured retrieval events,True,1,6,0,False,screened_no_match,1,1,False,images/view/r1-422.webp,images/thumb/r1-422.webp,False
r1-423,423,1,time,Horizontal time,The promenade in Rio de Janeiro when Bangkok is entering midnight.,1,1,WISE full R1 · 2026-09-19,0,0,0,0,0,legacy / no structured retrieval events,True,1,6,0,False,screened_no_match,1,1,False,images/view/r1-423.webp,images/thumb/r1-423.webp,False
r1-424,424,1,time,Horizontal time,The pond railing when tree frogs have begun calling from the leaves along the bank.,1,1,WISE full R1 · 2026-09-19,0,0,0,0,0,legacy / no structured retrieval events,True,1,6,0,False,screened_no_match,1,1,False,images/view/r1-424.webp,images/thumb/r1-424.webp,False
r1-425,425,1,time,Horizontal time,The cathedral square in Prague when Los Angeles has just passed midnight.,1,1,WISE full R1 · 2026-09-19,0,0,0,0,0,legacy / no structured retrieval events,True,1,6,0,False,screened_no_match,1,1,False,images/view/r1-425.webp,images/thumb/r1-425.webp,False
r1-426,426,1,time,Horizontal time,The steps of the Acropolis when Buenos Aires has just passed midnight.,1,1,WISE full R1 · 2026-09-19,0,0,0,0,0,legacy / no structured retrieval events,True,1,6,0,False,screened_no_match,1,1,False,images/view/r1-426.webp,images/thumb/r1-426.webp,False
r1-427,427,1,time,Horizontal time,The old port in Marseille when Tokyo is beginning the workday.,1,1,WISE full R1 · 2026-09-19,0,0,0,0,0,legacy / no structured retrieval events,True,1,9,0,False,screened_no_match,1,1,False,images/view/r1-427.webp,images/thumb/r1-427.webp,False
r1-428,428,1,time,Horizontal time,The riverfront in Budapest when Seoul is at noon.,1,1,WISE full R1 · 2026-09-19,0,0,0,0,0,legacy / no structured retrieval events,True,1,9,0,False,screened_no_match,1,1,False,images/view/r1-428.webp,images/thumb/r1-428.webp,False
r1-429,429,1,time,Horizontal time,The Burj Khalifa when New York has just passed midnight.,1,1,WISE full R1 · 2026-09-19,0,0,0,0,0,legacy / no structured retrieval events,True,1,6,0,False,screened_no_match,1,1,False,images/view/r1-429.webp,images/thumb/r1-429.webp,False
r1-430,430,1,time,Horizontal time,The avenue beneath the Eiffel Tower when Sydney is settling into midnight.,1,1,WISE full R1 · 2026-09-19,0,0,0,0,0,legacy / no structured retrieval events,True,1,9,0,False,screened_no_match,1,1,False,images/view/r1-430.webp,images/thumb/r1-430.webp,False
r1-431,431,1,time,Horizontal time,The lane beside the orchard wall when crickets have begun chirping in the grass.,1,0,WISE full R1 · 2026-09-19,0,0,0,0,0,legacy / no structured retrieval events,True,1,6,0,False,screened_no_match,1,1,False,images/view/r1-431.webp,images/thumb/r1-431.webp,False
r1-432,432,1,time,Horizontal time,The beach at Waikiki when Beijing is entering the lunch hour.,1,1,WISE full R1 · 2026-09-19,0,0,0,0,0,legacy / no structured retrieval events,True,1,9,0,False,screened_no_match,1,1,False,images/view/r1-432.webp,images/thumb/r1-432.webp,False
r1-433,433,1,time,Horizontal time,The plaza beside the cathedral in Seville when Tokyo is approaching noon.,1,1,WISE full R1 · 2026-09-19,0,0,0,0,0,legacy / no structured retrieval events,True,1,9,0,False,screened_no_match,1,1,False,images/view/r1-433.webp,images/thumb/r1-433.webp,False
r1-434,434,1,time,Horizontal time,The harbor in Cape Town when Singapore has just passed midnight.,1,1,WISE full R1 · 2026-09-19,0,0,0,0,0,legacy / no structured retrieval events,True,1,6,0,False,screened_no_match,1,1,False,images/view/r1-434.webp,images/thumb/r1-434.webp,False
r1-435,435,1,time,Horizontal time,The village square when swallows have given way to bats above the rooftops.,1,1,WISE full R1 · 2026-09-19,0,0,0,0,0,legacy / no structured retrieval events,True,1,6,0,False,screened_no_match,1,1,False,images/view/r1-435.webp,images/thumb/r1-435.webp,False
r1-436,436,1,time,Horizontal time,The square before St. Basil's Cathedral when Mexico City is reaching lunch.,1,1,WISE full R1 · 2026-09-19,0,0,0,0,0,legacy / no structured retrieval events,True,1,9,0,False,screened_no_match,1,1,False,images/view/r1-436.webp,images/thumb/r1-436.webp,False
r1-437,437,1,time,Horizontal time,The old quarter in Lisbon when Seoul has turned past midnight.,1,1,WISE full R1 · 2026-09-19,0,0,0,0,0,legacy / no structured retrieval events,True,1,9,0,False,screened_no_match,1,1,False,images/view/r1-437.webp,images/thumb/r1-437.webp,False
r1-438,438,1,time,Horizontal time,The steps along Sydney Harbour when Rome has just passed midnight.,1,1,WISE full R1 · 2026-09-19,0,0,0,0,0,legacy / no structured retrieval events,True,1,6,0,False,screened_no_match,1,1,False,images/view/r1-438.webp,images/thumb/r1-438.webp,False
r1-439,439,1,time,Horizontal time,The alleys around Jama Masjid in Delhi when London is reaching noon.,1,1,WISE full R1 · 2026-09-19,0,0,0,0,0,legacy / no structured retrieval events,True,1,6,0,False,screened_no_match,1,1,False,images/view/r1-439.webp,images/thumb/r1-439.webp,False
r1-440,440,1,time,Horizontal time,The harbor in Vancouver when Tokyo is just entering midnight.,1,1,WISE full R1 · 2026-09-19,0,0,0,0,0,legacy / no structured retrieval events,True,1,6,0,False,screened_no_match,1,1,False,images/view/r1-440.webp,images/thumb/r1-440.webp,False
r1-441,441,1,time,Horizontal time,The square beneath Big Ben when Singapore is reaching noon.,1,1,WISE full R1 · 2026-09-19,0,0,0,0,0,legacy / no structured retrieval events,True,1,9,0,False,screened_no_match,1,1,False,images/view/r1-441.webp,images/thumb/r1-441.webp,False
r1-442,442,1,time,Horizontal time,The old town in Dubrovnik when New York is beginning the workday.,1,1,WISE full R1 · 2026-09-19,0,0,0,0,0,legacy / no structured retrieval events,True,1,6,0,False,screened_no_match,1,1,False,images/view/r1-442.webp,images/thumb/r1-442.webp,False
r1-443,443,1,time,Horizontal time,The pond bridge when dragonflies are darting above the water.,1,1,WISE full R1 · 2026-09-19,0,0,0,0,0,legacy / no structured retrieval events,True,1,6,0,False,screened_no_match,1,1,False,images/view/r1-443.webp,images/thumb/r1-443.webp,False
r1-444,444,1,time,Horizontal time,The street crossing in Shibuya when Paris has just passed midnight.,1,1,WISE full R1 · 2026-09-19,0,0,0,0,0,legacy / no structured retrieval events,True,1,6,0,False,screened_no_match,1,1,False,images/view/r1-444.webp,images/thumb/r1-444.webp,False
r1-445,445,1,time,Horizontal time,The Fernsehturm in Berlin when Buenos Aires is approaching noon.,1,1,WISE full R1 · 2026-09-19,0,0,0,0,0,legacy / no structured retrieval events,True,1,6,0,False,screened_no_match,1,1,False,images/view/r1-445.webp,images/thumb/r1-445.webp,False
r1-446,446,1,time,Horizontal time,The boulevard beside the Arc de Triomphe when Seoul has just passed midnight.,1,1,WISE full R1 · 2026-09-19,0,0,0,0,0,legacy / no structured retrieval events,True,1,6,0,False,screened_no_match,1,1,False,images/view/r1-446.webp,images/thumb/r1-446.webp,False
r1-447,447,1,time,Horizontal time,The garden path beneath the pergola before the robins there have begun their morning chorus.,1,1,WISE full R1 · 2026-09-19,0,0,0,0,0,legacy / no structured retrieval events,True,1,6,0,False,screened_no_match,1,1,False,images/view/r1-447.webp,images/thumb/r1-447.webp,False
r1-448,448,1,time,Horizontal time,The garden path beside the courtyard pond when night moths are gathering around the vines on the wall.,1,1,WISE full R1 · 2026-09-19,0,0,0,0,0,legacy / no structured retrieval events,True,1,6,0,False,screened_no_match,1,1,False,images/view/r1-448.webp,images/thumb/r1-448.webp,False
r1-449,449,1,time,Horizontal time,The Golden Gate Bridge when Dubai is reaching noon.,1,1,WISE full R1 · 2026-09-19,0,0,0,0,0,legacy / no structured retrieval events,True,1,6,0,False,screened_no_match,1,1,False,images/view/r1-449.webp,images/thumb/r1-449.webp,False
r1-450,450,1,time,Horizontal time,The old harbor in Lisbon when Tokyo is entering the lunch hour.,1,1,WISE full R1 · 2026-09-19,0,0,0,0,0,legacy / no structured retrieval events,True,1,9,0,False,screened_no_match,1,1,False,images/view/r1-450.webp,images/thumb/r1-450.webp,False
r1-451,451,1,time,Horizontal time,The central square in Mexico City when Rome has just passed midnight.,1,1,WISE full R1 · 2026-09-19,0,0,0,0,0,legacy / no structured retrieval events,True,1,6,0,False,screened_no_match,1,1,False,images/view/r1-451.webp,images/thumb/r1-451.webp,False
r1-452,452,1,time,Horizontal time,The pond bank when cicadas are already loud in the trees behind it.,1,1,WISE full R1 · 2026-09-19,0,0,0,0,0,legacy / no structured retrieval events,True,1,9,0,False,screened_no_match,1,1,False,images/view/r1-452.webp,images/thumb/r1-452.webp,False
r1-453,453,1,time,Horizontal time,The waterfront in Hong Kong when New York is approaching noon.,1,1,WISE full R1 · 2026-09-19,0,0,0,0,0,legacy / no structured retrieval events,True,1,6,0,False,screened_no_match,1,1,False,images/view/r1-453.webp,images/thumb/r1-453.webp,False
r1-454,454,1,time,Horizontal time,The bridge over the Arno in Florence when Seoul is beginning breakfast.,1,1,WISE full R1 · 2026-09-19,0,0,0,0,0,legacy / no structured retrieval events,True,1,9,0,False,screened_no_match,1,1,False,images/view/r1-454.webp,images/thumb/r1-454.webp,False
r1-455,455,1,time,Horizontal time,The pagoda beside West Lake in Hangzhou when Paris is approaching noon.,1,1,WISE full R1 · 2026-09-19,0,0,0,0,0,legacy / no structured retrieval events,True,1,6,0,False,screened_no_match,1,1,False,images/view/r1-455.webp,images/thumb/r1-455.webp,False
r1-456,456,1,time,Horizontal time,The stone streets of Prague when Beijing is reaching midnight.,1,1,WISE full R1 · 2026-09-19,0,0,0,0,0,legacy / no structured retrieval events,True,1,9,0,False,screened_no_match,1,1,False,images/view/r1-456.webp,images/thumb/r1-456.webp,False
r1-457,457,1,time,Horizontal time,The rice terraces when tree frogs begin calling from the embankments.,1,1,WISE full R1 · 2026-09-19,0,0,0,0,0,legacy / no structured retrieval events,True,1,6,0,False,screened_no_match,1,1,False,images/view/r1-457.webp,images/thumb/r1-457.webp,False
r1-458,458,1,time,Horizontal time,The cathedral square in Cusco when Tokyo has just passed midnight.,1,1,WISE full R1 · 2026-09-19,0,0,0,0,0,legacy / no structured retrieval events,True,1,6,0,False,screened_no_match,1,1,False,images/view/r1-458.webp,images/thumb/r1-458.webp,False
r1-459,459,1,time,Horizontal time,The village pond when the first night moths begin circling the flowers by the bank.,1,1,WISE full R1 · 2026-09-19,0,0,0,0,0,legacy / no structured retrieval events,True,1,6,0,False,screened_no_match,1,1,False,images/view/r1-459.webp,images/thumb/r1-459.webp,False
r1-460,460,1,time,Horizontal time,The palace gardens in Vienna when Bangkok is reaching noon.,1,1,WISE full R1 · 2026-09-19,0,0,0,0,0,legacy / no structured retrieval events,True,1,6,0,False,screened_no_match,1,1,False,images/view/r1-460.webp,images/thumb/r1-460.webp,False
r1-461,461,1,time,Longitudinal time,The curved brass-and-reed instrument often shown in images of 1920s jazz clubs.,1,1,WISE full R1 · 2026-09-19,0,0,0,0,0,legacy / no structured retrieval events,True,2,3,0,False,screened_no_match,1,1,False,images/view/r1-461.webp,images/thumb/r1-461.webp,False
r1-462,462,1,time,Longitudinal time,The postwar women's fashion item whose needle-like heel became a glamour icon in the 1950s.,1,1,WISE full R1 · 2026-09-19,0,0,0,0,0,legacy / no structured retrieval events,True,1,6,0,False,screened_no_match,1,1,False,images/view/r1-462.webp,images/thumb/r1-462.webp,False
r1-463,463,1,time,Longitudinal time,The battle equipment most associated with heavily armed Greek citizen-soldiers fighting in a phalanx.,1,1,WISE full R1 · 2026-09-19,0,0,0,0,0,legacy / no structured retrieval events,True,1,6,0,False,screened_no_match,1,1,False,images/view/r1-463.webp,images/thumb/r1-463.webp,False
r1-464,464,1,time,Longitudinal time,The screw press with movable type associated with Gutenberg's fifteenth-century printing revolution.,1,1,WISE full R1 · 2026-09-19,0,0,0,0,0,legacy / no structured retrieval events,True,1,9,0,False,screened_no_match,1,1,False,images/view/r1-464.webp,images/thumb/r1-464.webp,False
r1-465,465,1,time,Longitudinal time,"The silver coin widely used in ancient Rome, often stamped with an emperor's portrait.",1,1,WISE full R1 · 2026-09-19,0,0,0,0,0,legacy / no structured retrieval events,True,1,6,0,False,screened_no_match,1,1,False,images/view/r1-465.webp,images/thumb/r1-465.webp,False
r1-466,466,1,time,Longitudinal time,The crank-operated office machine used to total columns of numbers before electronic calculators became common.,1,1,WISE full R1 · 2026-09-19,0,0,0,0,0,legacy / no structured retrieval events,True,1,6,0,False,screened_no_match,1,1,False,images/view/r1-466.webp,images/thumb/r1-466.webp,False
r1-467,467,1,time,Longitudinal time,The underwater apparatus connected to an air hose that deep-sea divers relied on before modern scuba gear.,1,1,WISE full R1 · 2026-09-19,0,0,0,0,0,legacy / no structured retrieval events,True,1,6,0,False,screened_no_match,1,1,False,images/view/r1-467.webp,images/thumb/r1-467.webp,False
r1-468,468,1,time,Longitudinal time,The bellows camera used by studio photographers in the nineteenth century before compact roll-film cameras.,1,1,WISE full R1 · 2026-09-19,0,0,0,0,0,legacy / no structured retrieval events,True,1,9,0,False,screened_no_match,1,1,False,images/view/r1-468.webp,images/thumb/r1-468.webp,False
r1-469,469,1,time,Longitudinal time,The military footwear most associated with Roman legionaries on campaign.,1,1,WISE full R1 · 2026-09-19,0,0,0,0,0,legacy / no structured retrieval events,True,1,6,0,False,screened_no_match,1,1,False,images/view/r1-469.webp,images/thumb/r1-469.webp,False
r1-470,470,1,time,Longitudinal time,The machine office clerks used to type formal letters before desktop computers became common.,1,1,WISE full R1 · 2026-09-19,0,0,0,0,0,legacy / no structured retrieval events,True,1,6,0,False,screened_no_match,1,1,False,images/view/r1-470.webp,images/thumb/r1-470.webp,False
r1-471,471,1,time,Longitudinal time,The portable cassette player with headphones many teenagers carried before smartphones and streaming became common.,1,1,WISE full R1 · 2026-09-19,0,0,0,0,0,legacy / no structured retrieval events,True,1,6,0,False,screened_no_match,1,1,False,images/view/r1-471.webp,images/thumb/r1-471.webp,False
r1-472,472,1,time,Longitudinal time,The classroom machine teachers laid transparent sheets on before digital projection became standard.,1,1,WISE full R1 · 2026-09-19,0,0,0,0,0,legacy / no structured retrieval events,True,1,6,0,False,screened_no_match,1,1,False,images/view/r1-472.webp,images/thumb/r1-472.webp,False
r1-473,473,1,time,Longitudinal time,The formal women's attire whose tightly corseted bodice and bustle-backed silhouette signaled late Victorian respectability.,1,1,WISE full R1 · 2026-09-19,0,0,0,0,0,legacy / no structured retrieval events,True,1,6,0,False,screened_no_match,1,1,False,images/view/r1-473.webp,images/thumb/r1-473.webp,False
r1-474,474,1,time,Longitudinal time,The elite road-going conveyance that let eighteenth-century Europeans travel inside an enclosed cabin behind a team of horses.,1,1,WISE full R1 · 2026-09-19,0,0,0,0,0,legacy / no structured retrieval events,True,1,9,0,False,screened_no_match,1,1,False,images/view/r1-474.webp,images/thumb/r1-474.webp,False
r1-475,475,1,time,Longitudinal time,The long narrow ship with a carved prow used by Viking raiders and sailors.,1,1,WISE full R1 · 2026-09-19,0,0,0,0,0,legacy / no structured retrieval events,True,1,6,0,False,screened_no_match,1,1,False,images/view/r1-475.webp,images/thumb/r1-475.webp,False
r1-476,476,1,time,Longitudinal time,The lantern device used to project painted glass slides before cinema existed.,1,1,WISE full R1 · 2026-09-19,0,0,0,0,0,legacy / no structured retrieval events,True,1,6,0,False,screened_no_match,1,1,False,images/view/r1-476.webp,images/thumb/r1-476.webp,False
r1-477,477,1,time,Longitudinal time,The flame-protected light source miners relied on underground before electric lamps became standard.,1,1,WISE full R1 · 2026-09-19,0,0,0,0,0,legacy / no structured retrieval events,True,1,6,0,False,screened_no_match,1,1,False,images/view/r1-477.webp,images/thumb/r1-477.webp,False
r1-478,478,1,time,Longitudinal time,The multicolored cube puzzle that became an international craze in the 1980s.,1,1,WISE full R1 · 2026-09-19,0,0,0,0,0,legacy / no structured retrieval events,True,1,6,0,False,screened_no_match,1,1,False,images/view/r1-478.webp,images/thumb/r1-478.webp,False
r1-479,479,1,time,Longitudinal time,The colorful van closely associated with the hippie movement of the 1960s.,1,1,WISE full R1 · 2026-09-19,0,0,0,0,0,legacy / no structured retrieval events,True,1,9,0,False,screened_no_match,1,1,False,images/view/r1-479.webp,images/thumb/r1-479.webp,False
r1-480,480,1,time,Longitudinal time,The two-wheeled vehicle associated with Roman races and triumphal imagery.,0,0,WISE full R1 · 2026-09-19,0,0,0,0,0,legacy / no structured retrieval events,True,1,3,0,False,screened_no_match,1,1,True,images/view/r1-480.webp,images/thumb/r1-480.webp,False
r1-481,481,1,time,Longitudinal time,The wedge-shaped writing system pressed into clay tablets in ancient Mesopotamia.,1,1,WISE full R1 · 2026-09-19,0,0,0,0,0,legacy / no structured retrieval events,True,1,6,0,False,screened_no_match,1,1,False,images/view/r1-481.webp,images/thumb/r1-481.webp,False
r1-482,482,1,time,Longitudinal time,The curled white headpiece associated with judges and aristocrats in eighteenth-century Britain.,1,1,WISE full R1 · 2026-09-19,0,0,0,0,0,legacy / no structured retrieval events,True,1,6,0,False,screened_no_match,1,1,False,images/view/r1-482.webp,images/thumb/r1-482.webp,False
r1-483,483,1,time,Longitudinal time,The household sewing machine operated by a foot treadle before electric models became common.,1,1,WISE full R1 · 2026-09-19,0,0,0,0,0,legacy / no structured retrieval events,True,1,6,0,False,screened_no_match,1,1,False,images/view/r1-483.webp,images/thumb/r1-483.webp,False
r1-484,484,1,time,Longitudinal time,The apparatus that sent coded long-distance messages before telephones became widespread.,1,1,WISE full R1 · 2026-09-19,0,0,0,0,0,legacy / no structured retrieval events,True,1,9,0,False,screened_no_match,1,1,False,images/view/r1-484.webp,images/thumb/r1-484.webp,False
r1-485,485,1,time,Longitudinal time,The parlor entertainment machine that amplified recorded music mechanically through a large horn before household radio.,1,1,WISE full R1 · 2026-09-19,0,0,0,0,0,legacy / no structured retrieval events,True,1,6,0,False,screened_no_match,1,1,False,images/view/r1-485.webp,images/thumb/r1-485.webp,False
r1-486,486,1,time,Longitudinal time,The round timepiece many gentlemen carried in a waistcoat pocket before wristwatches became standard.,1,1,WISE full R1 · 2026-09-19,0,0,0,0,0,legacy / no structured retrieval events,True,1,6,0,False,screened_no_match,1,1,False,images/view/r1-486.webp,images/thumb/r1-486.webp,False
r1-487,487,1,time,Longitudinal time,The steam-powered railway engine that defined nineteenth-century train travel.,1,1,WISE full R1 · 2026-09-19,0,0,0,0,0,legacy / no structured retrieval events,True,1,6,0,False,screened_no_match,1,1,False,images/view/r1-487.webp,images/thumb/r1-487.webp,False
r1-488,488,1,time,Longitudinal time,The boxy automobile that became a symbol of mass-produced cars in the early twentieth century.,1,1,WISE full R1 · 2026-09-19,0,0,0,0,0,legacy / no structured retrieval events,True,1,6,0,False,screened_no_match,1,1,False,images/view/r1-488.webp,images/thumb/r1-488.webp,False
r1-489,489,1,time,Longitudinal time,The stepped stone pyramid with a temple at the top associated with major Maya ceremonial centers.,1,1,WISE full R1 · 2026-09-19,0,0,0,0,0,legacy / no structured retrieval events,True,1,9,0,False,screened_no_match,1,1,False,images/view/r1-489.webp,images/thumb/r1-489.webp,False
r1-490,490,1,time,Longitudinal time,The wooden radio set households gathered around for news and entertainment before television became common.,1,1,WISE full R1 · 2026-09-19,0,0,0,0,0,legacy / no structured retrieval events,True,1,9,0,False,screened_no_match,1,1,False,images/view/r1-490.webp,images/thumb/r1-490.webp,False
r1-491,491,1,time,Longitudinal time,The steel helmet worn by British soldiers in World War I trenches.,1,1,WISE full R1 · 2026-09-19,0,0,0,0,0,legacy / no structured retrieval events,True,1,6,0,False,screened_no_match,1,1,False,images/view/r1-491.webp,images/thumb/r1-491.webp,False
r1-492,492,1,time,Longitudinal time,The small ocean-going ship with lateen sails used by Iberian explorers in the Age of Discovery.,1,1,WISE full R1 · 2026-09-19,0,0,0,0,0,legacy / no structured retrieval events,True,1,6,0,False,screened_no_match,1,1,False,images/view/r1-492.webp,images/thumb/r1-492.webp,False
r1-493,493,1,time,Longitudinal time,The desk telephone with a circular finger dial common in the early twentieth century.,1,1,WISE full R1 · 2026-09-19,0,0,0,0,0,legacy / no structured retrieval events,True,1,6,0,False,screened_no_match,1,1,False,images/view/r1-493.webp,images/thumb/r1-493.webp,False
r1-494,494,1,time,Longitudinal time,The instant camera used for printed snapshots before phone cameras existed.,1,1,WISE full R1 · 2026-09-19,0,0,0,0,0,legacy / no structured retrieval events,True,1,6,0,False,screened_no_match,1,1,False,images/view/r1-494.webp,images/thumb/r1-494.webp,False
r1-495,495,1,time,Longitudinal time,The three-cornered hat associated with officers during the American Revolutionary War.,0,1,WISE full R1 · 2026-09-19,0,0,0,0,0,legacy / no structured retrieval events,True,1,6,0,False,screened_no_match,1,1,True,images/view/r1-495.webp,images/thumb/r1-495.webp,False
r1-496,496,1,time,Longitudinal time,The bulky boots worn by astronauts on the first moonwalk.,1,1,WISE full R1 · 2026-09-19,0,0,0,0,0,legacy / no structured retrieval events,True,1,9,0,False,screened_no_match,1,1,False,images/view/r1-496.webp,images/thumb/r1-496.webp,False
r1-497,497,1,time,Longitudinal time,The vehicle firefighters rode through city streets before motorized fire engines became standard.,1,1,WISE full R1 · 2026-09-19,0,0,0,0,0,legacy / no structured retrieval events,True,1,6,0,False,screened_no_match,1,1,False,images/view/r1-497.webp,images/thumb/r1-497.webp,False
r1-498,498,1,time,Longitudinal time,The room-sized computer used by governments and universities before personal computers became common.,1,1,WISE full R1 · 2026-09-19,0,0,0,0,0,legacy / no structured retrieval events,True,1,9,0,False,screened_no_match,1,1,False,images/view/r1-498.webp,images/thumb/r1-498.webp,False
r1-499,499,1,time,Longitudinal time,The home-and-office computer whose separate monitor and twin floppy drives became a symbol of personal computing at the start of the 1980s.,0,1,WISE full R1 · 2026-09-19,0,0,0,0,0,legacy / no structured retrieval events,True,1,6,0,False,screened_no_match,1,1,True,images/view/r1-499.webp,images/thumb/r1-499.webp,False
r1-500,500,1,time,Longitudinal time,The stiff pleated neckwear that framed the faces of many European elites in the late sixteenth century.,1,1,WISE full R1 · 2026-09-19,0,0,0,0,0,legacy / no structured retrieval events,True,1,6,0,False,screened_no_match,1,1,False,images/view/r1-500.webp,images/thumb/r1-500.webp,False
r1-501,501,1,time,Longitudinal time,The reed pen used to write on papyrus in ancient Egypt.,0,0,WISE full R1 · 2026-09-19,0,0,0,0,0,legacy / no structured retrieval events,True,1,6,0,False,screened_no_match,1,1,True,images/view/r1-501.webp,images/thumb/r1-501.webp,False
r1-502,502,1,time,Longitudinal time,The flat writing slate children practiced on in classrooms before notebooks became universal.,1,1,WISE full R1 · 2026-09-19,0,0,0,0,0,legacy / no structured retrieval events,True,1,6,0,False,screened_no_match,1,1,False,images/view/r1-502.webp,images/thumb/r1-502.webp,False
r1-503,503,1,time,Longitudinal time,The stage instrument with a contoured double-cutaway body that became a postwar rock icon in the 1950s.,1,1,WISE full R1 · 2026-09-19,0,0,0,0,0,legacy / no structured retrieval events,True,1,6,0,False,screened_no_match,1,1,False,images/view/r1-503.webp,images/thumb/r1-503.webp,False
r1-504,504,1,time,Longitudinal time,The kitchen device used to keep food cold before electric refrigerators became common.,1,1,WISE full R1 · 2026-09-19,0,0,0,0,0,legacy / no structured retrieval events,True,1,6,0,False,screened_no_match,1,1,False,images/view/r1-504.webp,images/thumb/r1-504.webp,False
r1-505,505,1,time,Longitudinal time,The spidery spacecraft that carried astronauts to the lunar surface in 1969.,1,1,WISE full R1 · 2026-09-19,0,0,0,0,0,legacy / no structured retrieval events,True,1,6,0,False,screened_no_match,1,1,False,images/view/r1-505.webp,images/thumb/r1-505.webp,False
r1-506,506,1,time,Longitudinal time,The navigation instrument sailors used to measure the height of stars before GPS.,1,1,WISE full R1 · 2026-09-19,0,0,0,0,0,legacy / no structured retrieval events,True,1,6,0,False,screened_no_match,1,1,False,images/view/r1-506.webp,images/thumb/r1-506.webp,False
r1-507,507,1,time,Longitudinal time,The flared tournament helmet with a tiny viewing slit used by late medieval jousters.,1,1,WISE full R1 · 2026-09-19,0,0,0,0,0,legacy / no structured retrieval events,True,1,6,0,False,screened_no_match,1,1,False,images/view/r1-507.webp,images/thumb/r1-507.webp,False
r1-508,508,1,time,Longitudinal time,The close-fitting headwear that became a defining fashion silhouette for urban women in the 1920s.,1,1,WISE full R1 · 2026-09-19,0,0,0,0,0,legacy / no structured retrieval events,True,1,6,0,False,screened_no_match,1,1,False,images/view/r1-508.webp,images/thumb/r1-508.webp,False
r1-509,509,1,time,Longitudinal time,The instrument used by the Italian astronomer who famously observed the moons of Jupiter in the 17th century,1,1,WISE full R1 · 2026-09-19,0,0,0,0,0,legacy / no structured retrieval events,True,1,6,0,False,screened_no_match,1,1,False,images/view/r1-509.webp,images/thumb/r1-509.webp,False
r1-510,510,1,time,Longitudinal time,The lantern railroad workers carried at night before battery flashlights became common.,1,1,WISE full R1 · 2026-09-19,0,0,0,0,0,legacy / no structured retrieval events,True,1,6,0,False,screened_no_match,1,1,False,images/view/r1-510.webp,images/thumb/r1-510.webp,False
r1-511,511,1,time,Longitudinal time,The goggles-and-cap headgear worn by pilots before enclosed cockpits became standard.,1,1,WISE full R1 · 2026-09-19,0,0,0,0,0,legacy / no structured retrieval events,True,1,6,0,False,screened_no_match,1,1,False,images/view/r1-511.webp,images/thumb/r1-511.webp,False
r1-512,512,1,time,Longitudinal time,The bolt-action rifle carried by British soldiers in World War I trenches.,1,1,WISE full R1 · 2026-09-19,0,0,0,0,0,legacy / no structured retrieval events,True,1,6,0,False,screened_no_match,1,1,False,images/view/r1-512.webp,images/thumb/r1-512.webp,False
r1-513,513,1,time,Longitudinal time,The striped ceremonial headcloth associated with Egyptian pharaohs.,1,1,WISE full R1 · 2026-09-19,0,0,0,0,0,legacy / no structured retrieval events,True,1,6,0,False,screened_no_match,1,1,False,images/view/r1-513.webp,images/thumb/r1-513.webp,False
r1-514,514,1,time,Longitudinal time,The pedal-powered two-wheeled vehicle that became practical everyday transport in the 1890s.,0,1,WISE full R1 · 2026-09-19,0,0,0,0,0,legacy / no structured retrieval events,True,1,6,0,False,screened_no_match,1,1,True,images/view/r1-514.webp,images/thumb/r1-514.webp,False
r1-515,515,1,time,Longitudinal time,The writing surface found in classrooms before whiteboards became standard.,1,1,WISE full R1 · 2026-09-19,0,0,0,0,0,legacy / no structured retrieval events,True,1,6,0,False,screened_no_match,1,1,False,images/view/r1-515.webp,images/thumb/r1-515.webp,False
r1-516,516,1,time,Longitudinal time,The counting tool shopkeepers used before electronic calculators became cheap and common.,1,1,WISE full R1 · 2026-09-19,0,0,0,0,0,legacy / no structured retrieval events,True,1,6,0,False,screened_no_match,1,1,False,images/view/r1-516.webp,images/thumb/r1-516.webp,False
r1-517,517,1,time,Longitudinal time,The machine used to project reels of film before digital video projectors became common.,1,1,WISE full R1 · 2026-09-19,0,0,0,0,0,legacy / no structured retrieval events,True,1,6,0,False,screened_no_match,1,1,False,images/view/r1-517.webp,images/thumb/r1-517.webp,False
r1-518,518,1,time,Longitudinal time,The storage disk people used to transfer computer files before USB drives became common.,1,1,WISE full R1 · 2026-09-19,0,0,0,0,0,legacy / no structured retrieval events,True,1,3,0,False,screened_no_match,1,1,False,images/view/r1-518.webp,images/thumb/r1-518.webp,False
r1-519,519,1,time,Longitudinal time,The office machine that transmitted printed pages over telephone lines before email attachments.,1,1,WISE full R1 · 2026-09-19,0,0,0,0,0,legacy / no structured retrieval events,True,1,6,0,False,screened_no_match,1,1,False,images/view/r1-519.webp,images/thumb/r1-519.webp,False
r1-520,520,1,time,Longitudinal time,The glass bulb with a glowing filament that replaced candles in many homes during the early twentieth century.,1,1,WISE full R1 · 2026-09-19,0,0,0,0,0,legacy / no structured retrieval events,True,1,6,0,False,screened_no_match,1,1,False,images/view/r1-520.webp,images/thumb/r1-520.webp,False
r1-521,521,1,Space,Geographical Location,The currency of the country where Seoul is located,1,0,WISE full R1 · 2026-09-19,0,0,0,0,0,legacy / no structured retrieval events,True,1,6,0,False,screened_no_match,1,1,False,images/view/r1-521.webp,images/thumb/r1-521.webp,False
r1-522,522,1,Space,Geographical Location,National flag of the country where Berlin is located,1,1,WISE full R1 · 2026-09-19,0,0,0,0,0,legacy / no structured retrieval events,True,1,6,0,False,screened_no_match,1,1,False,images/view/r1-522.webp,images/thumb/r1-522.webp,False
r1-523,523,1,Space,Geographical Location,National flag of the smallest country by area in the world,1,1,WISE full R1 · 2026-09-19,0,0,0,0,0,legacy / no structured retrieval events,True,1,6,0,False,screened_no_match,1,1,False,images/view/r1-523.webp,images/thumb/r1-523.webp,False
r1-524,524,1,Space,Geographical Location,The national animal of the country where Mexico City is located,1,1,WISE full R1 · 2026-09-19,0,0,0,0,0,legacy / no structured retrieval events,True,1,9,0,False,screened_no_match,1,1,False,images/view/r1-524.webp,images/thumb/r1-524.webp,False
r1-525,525,1,Space,Geographical Location,National flag of the country where Sydney is located,1,1,WISE full R1 · 2026-09-19,0,0,0,0,0,legacy / no structured retrieval events,True,1,6,0,False,screened_no_match,1,1,False,images/view/r1-525.webp,images/thumb/r1-525.webp,False
r1-526,526,1,Space,Geographical Location,The floor covering commonly used in traditional rooms in the country where Kyoto is located,1,1,WISE full R1 · 2026-09-19,0,0,0,0,0,legacy / no structured retrieval events,True,1,6,0,False,screened_no_match,1,1,False,images/view/r1-526.webp,images/thumb/r1-526.webp,False
r1-527,527,1,Space,Geographical Location,The national flag of the country where Vancouver is located,1,0,WISE full R1 · 2026-09-19,0,0,0,0,0,legacy / no structured retrieval events,True,1,3,0,False,screened_no_match,1,1,False,images/view/r1-527.webp,images/thumb/r1-527.webp,False
r1-528,528,1,Space,Geographical Location,National flag of the country where Moscow is located,1,1,WISE full R1 · 2026-09-19,0,0,0,0,0,legacy / no structured retrieval events,True,1,6,0,False,screened_no_match,1,1,False,images/view/r1-528.webp,images/thumb/r1-528.webp,False
r1-529,529,1,Space,Geographical Location,National flag of the country where London is located,1,1,WISE full R1 · 2026-09-19,0,0,0,0,0,legacy / no structured retrieval events,True,1,3,0,False,screened_no_match,1,1,False,images/view/r1-529.webp,images/thumb/r1-529.webp,False
r1-530,530,1,Space,Geographical Location,A typical beverage produced in the country where Bordeaux is located,1,1,WISE full R1 · 2026-09-19,0,0,0,0,0,legacy / no structured retrieval events,True,1,6,0,False,screened_no_match,1,1,False,images/view/r1-530.webp,images/thumb/r1-530.webp,False
r1-531,531,1,Space,Geographical Location,A specific type of flower cultivated in the country where Amsterdam is located,1,1,WISE full R1 · 2026-09-19,0,0,0,0,0,legacy / no structured retrieval events,True,1,6,0,False,screened_no_match,1,1,False,images/view/r1-531.webp,images/thumb/r1-531.webp,False
r1-532,532,1,Space,Geographical Location,The type of landscape common in the country where Nairobi is located,1,1,WISE full R1 · 2026-09-19,0,0,0,0,0,legacy / no structured retrieval events,True,1,6,0,False,screened_no_match,1,1,False,images/view/r1-532.webp,images/thumb/r1-532.webp,False
r1-533,533,1,Space,Geographical Location,A traditional musical instrument from the country where Seville is located,1,1,WISE full R1 · 2026-09-19,0,0,0,0,0,legacy / no structured retrieval events,True,1,6,0,False,screened_no_match,1,1,False,images/view/r1-533.webp,images/thumb/r1-533.webp,False
r1-534,534,1,Space,Geographical Location,The traditional clothing associated with the country where Edinburgh is located,1,1,WISE full R1 · 2026-09-19,0,0,0,0,0,legacy / no structured retrieval events,True,1,6,0,False,screened_no_match,1,1,False,images/view/r1-534.webp,images/thumb/r1-534.webp,False
r1-535,535,1,Space,Geographical Location,The type of trees commonly found in forests in the country where Montreal is located,1,1,WISE full R1 · 2026-09-19,0,0,0,0,0,legacy / no structured retrieval events,True,1,6,0,False,screened_no_match,1,1,False,images/view/r1-535.webp,images/thumb/r1-535.webp,False
r1-536,536,1,Space,Geographical Location,National flag of the country where Tokyo is located,1,1,WISE full R1 · 2026-09-19,0,0,0,0,0,legacy / no structured retrieval events,True,1,6,0,False,screened_no_match,1,1,False,images/view/r1-536.webp,images/thumb/r1-536.webp,False
r1-537,537,1,Space,Geographical Location,The currency of the country where Beijing is located,1,0,WISE full R1 · 2026-09-19,0,0,0,0,0,legacy / no structured retrieval events,True,1,6,0,False,screened_no_match,1,1,False,images/view/r1-537.webp,images/thumb/r1-537.webp,False
r1-538,538,1,Space,Geographical Location,The landmark of the country where Paris is located,1,1,WISE full R1 · 2026-09-19,0,0,0,0,0,legacy / no structured retrieval events,True,1,6,0,False,screened_no_match,1,1,False,images/view/r1-538.webp,images/thumb/r1-538.webp,False
r1-539,539,1,Space,Geographical Location,A typical dish from the country where Naples is located,1,1,WISE full R1 · 2026-09-19,0,0,0,0,0,legacy / no structured retrieval events,True,1,6,0,False,screened_no_match,1,1,False,images/view/r1-539.webp,images/thumb/r1-539.webp,False
r1-540,540,1,Space,Geographical Location,The typical patterns found on traditional pottery from the city where Delft is located,1,1,WISE full R1 · 2026-09-19,0,0,0,0,0,legacy / no structured retrieval events,True,1,6,0,False,screened_no_match,1,1,False,images/view/r1-540.webp,images/thumb/r1-540.webp,False
r1-541,541,1,Space,Geographical Location,The vessel commonly used for the herbal drink associated with the country where Buenos Aires is located,1,1,WISE full R1 · 2026-09-19,0,0,0,0,0,legacy / no structured retrieval events,True,1,6,0,False,screened_no_match,1,1,False,images/view/r1-541.webp,images/thumb/r1-541.webp,False
r1-542,542,1,Space,Geographical Location,The animal most closely associated with the country where Canberra is located,1,1,WISE full R1 · 2026-09-19,0,0,0,0,0,legacy / no structured retrieval events,True,1,6,0,False,screened_no_match,1,1,False,images/view/r1-542.webp,images/thumb/r1-542.webp,False
r1-543,543,1,Space,Geographical Location,The mountain most closely associated with the country where Tokyo is located,1,1,WISE full R1 · 2026-09-19,0,0,0,0,0,legacy / no structured retrieval events,True,1,6,0,False,screened_no_match,1,1,False,images/view/r1-543.webp,images/thumb/r1-543.webp,False
r1-544,544,1,Space,Geographical Location,The long narrow boat used in the city where Venice is located,1,1,WISE full R1 · 2026-09-19,0,0,0,0,0,legacy / no structured retrieval events,True,1,6,0,False,screened_no_match,1,1,False,images/view/r1-544.webp,images/thumb/r1-544.webp,False
r1-545,545,1,Space,Geographical Location,The stepped field landscape associated with the island where Ubud is located,1,1,WISE full R1 · 2026-09-19,0,0,0,0,0,legacy / no structured retrieval events,True,1,6,0,False,screened_no_match,1,1,False,images/view/r1-545.webp,images/thumb/r1-545.webp,False
r1-546,546,1,Space,Geographical Location,The ceramic tile style associated with the country where Lisbon is located,1,1,WISE full R1 · 2026-09-19,0,0,0,0,0,legacy / no structured retrieval events,True,1,6,0,False,screened_no_match,1,1,False,images/view/r1-546.webp,images/thumb/r1-546.webp,False
r1-547,547,1,Space,Geographical Location,The hat commonly associated with the country where Hanoi is located,1,1,WISE full R1 · 2026-09-19,0,0,0,0,0,legacy / no structured retrieval events,True,1,6,0,False,screened_no_match,1,1,False,images/view/r1-547.webp,images/thumb/r1-547.webp,False
r1-548,548,1,Space,Geographical Location,The monumental white mausoleum associated with the country where Agra is located,1,1,WISE full R1 · 2026-09-19,0,0,0,0,0,legacy / no structured retrieval events,True,1,6,0,False,screened_no_match,1,1,False,images/view/r1-548.webp,images/thumb/r1-548.webp,False
r1-549,549,1,Space,Geographical Location,The pack animal most associated with desert travel in the country where Marrakech is located,1,1,WISE full R1 · 2026-09-19,0,0,0,0,0,legacy / no structured retrieval events,True,1,6,0,False,screened_no_match,1,1,False,images/view/r1-549.webp,images/thumb/r1-549.webp,False
r1-550,550,1,Space,Geographical Location,The portable round dwelling used on the grasslands of the country where Ulaanbaatar is located,1,1,WISE full R1 · 2026-09-19,0,0,0,0,0,legacy / no structured retrieval events,True,1,6,0,False,screened_no_match,1,1,False,images/view/r1-550.webp,images/thumb/r1-550.webp,False
r1-551,551,1,Space,Geographical Location,A traditional musical instrument from the country where Dublin is located,1,1,WISE full R1 · 2026-09-19,0,0,0,0,0,legacy / no structured retrieval events,True,1,6,0,False,screened_no_match,1,1,False,images/view/r1-551.webp,images/thumb/r1-551.webp,False
r1-552,552,1,Space,Geographical Location,National flag of the country where Rio de Janeiro is located,1,1,WISE full R1 · 2026-09-19,0,0,0,0,0,legacy / no structured retrieval events,True,1,6,0,False,screened_no_match,1,1,False,images/view/r1-552.webp,images/thumb/r1-552.webp,False
r1-553,553,1,Space,Geographical Location,National flag of the country where Barcelona is located,1,1,WISE full R1 · 2026-09-19,0,0,0,0,0,legacy / no structured retrieval events,True,1,6,0,False,screened_no_match,1,1,False,images/view/r1-553.webp,images/thumb/r1-553.webp,False
r1-554,554,1,Space,Geographical Location,National flag of the country where Shanghai is located,1,1,WISE full R1 · 2026-09-19,0,0,0,0,0,legacy / no structured retrieval events,True,1,3,0,False,screened_no_match,1,1,False,images/view/r1-554.webp,images/thumb/r1-554.webp,False
r1-555,555,1,Space,Geographical Location,National flag of the country where Kuala Lumpur is located,1,1,WISE full R1 · 2026-09-19,0,0,0,0,0,legacy / no structured retrieval events,True,1,6,0,False,screened_no_match,1,1,False,images/view/r1-555.webp,images/thumb/r1-555.webp,False
r1-556,556,1,Space,Geographical Location,National flag of the country where Mumbai is located,1,1,WISE full R1 · 2026-09-19,0,0,0,0,0,legacy / no structured retrieval events,True,1,3,0,False,screened_no_match,1,1,False,images/view/r1-556.webp,images/thumb/r1-556.webp,False
r1-557,557,1,Space,Geographical Location,National flag of the country where Cairo is located,1,1,WISE full R1 · 2026-09-19,0,0,0,0,0,legacy / no structured retrieval events,True,1,3,0,False,screened_no_match,1,1,False,images/view/r1-557.webp,images/thumb/r1-557.webp,False
r1-558,558,1,Space,Geographical Location,National flag of the country where Oslo is located,1,1,WISE full R1 · 2026-09-19,0,0,0,0,0,legacy / no structured retrieval events,True,1,6,0,False,screened_no_match,1,1,False,images/view/r1-558.webp,images/thumb/r1-558.webp,False
r1-559,559,1,Space,Geographical Location,National flag of the country where Athens is located,1,1,WISE full R1 · 2026-09-19,0,0,0,0,0,legacy / no structured retrieval events,True,1,6,0,False,screened_no_match,1,1,False,images/view/r1-559.webp,images/thumb/r1-559.webp,False
r1-560,560,1,Space,Geographical Location,National flag of the country where Reykjavik is located,1,1,WISE full R1 · 2026-09-19,0,0,0,0,0,legacy / no structured retrieval events,True,1,3,0,False,screened_no_match,1,1,False,images/view/r1-560.webp,images/thumb/r1-560.webp,False
r1-561,561,1,Space,Relative Position,"An apple and a banana, with the red fruit on the left and the yellow fruit on the right",1,1,WISE full R1 · 2026-09-19,0,0,0,0,0,legacy / no structured retrieval events,True,1,3,0,False,screened_no_match,1,1,False,images/view/r1-561.webp,images/thumb/r1-561.webp,False
r1-562,562,1,Space,Relative Position,"A soccer ball, a baseball, and a golf ball, with the largest ball at the top, the medium-sized one in the middle, and the smallest at the bottom",1,1,WISE full R1 · 2026-09-19,0,0,0,0,0,legacy / no structured retrieval events,True,1,3,0,False,screened_no_match,1,1,False,images/view/r1-562.webp,images/thumb/r1-562.webp,False
r1-563,563,1,Space,Relative Position,"A tiger, a rabbit, and a turtle, with the largest animal on the left, the smallest on the right, and the remaining one between them",1,1,WISE full R1 · 2026-09-19,0,0,0,0,0,legacy / no structured retrieval events,True,1,6,0,False,screened_no_match,1,1,False,images/view/r1-563.webp,images/thumb/r1-563.webp,False
r1-564,564,1,Space,Relative Position,"A ping pong ball, a basketball, and a tennis ball, with the medium-sized ball in the center, the smallest above it, and the largest below it",1,1,WISE full R1 · 2026-09-19,0,0,0,0,0,legacy / no structured retrieval events,True,1,3,0,False,screened_no_match,1,1,False,images/view/r1-564.webp,images/thumb/r1-564.webp,False
r1-565,565,1,Space,Relative Position,"A banana, a bunch of grapes, and a strawberry, with the yellow fruit on the left, the red fruit on the right, and the remaining fruit between them",1,1,WISE full R1 · 2026-09-19,0,0,0,0,0,legacy / no structured retrieval events,True,1,3,0,False,screened_no_match,1,1,False,images/view/r1-565.webp,images/thumb/r1-565.webp,False
r1-566,566,1,Space,Relative Position,"An elephant and a mouse, with the smaller animal on the left and the larger one on the right",1,1,WISE full R1 · 2026-09-19,0,0,0,0,0,legacy / no structured retrieval events,True,1,3,0,False,screened_no_match,1,1,False,images/view/r1-566.webp,images/thumb/r1-566.webp,False
r1-567,567,1,Space,Relative Position,"A giraffe, a flamingo, and a rabbit, with the tallest animal farthest back, the shortest nearest the viewer, and the remaining animal between them",1,1,WISE full R1 · 2026-09-19,0,0,0,0,0,legacy / no structured retrieval events,True,1,6,0,False,screened_no_match,1,1,False,images/view/r1-567.webp,images/thumb/r1-567.webp,False
r1-568,568,1,Space,Relative Position,"A horse, a dog, and a rabbit, with the medium-sized animal between the largest and the smallest, the smallest on the left and the largest on the right",1,1,WISE full R1 · 2026-09-19,0,0,0,0,0,legacy / no structured retrieval events,True,1,3,0,False,screened_no_match,1,1,False,images/view/r1-568.webp,images/thumb/r1-568.webp,False
r1-569,569,1,Space,Relative Position,"A blueberry, an apple, and a watermelon, with the largest fruit in the center, the smallest on its left, and the remaining fruit on its right",1,1,WISE full R1 · 2026-09-19,0,0,0,0,0,legacy / no structured retrieval events,True,1,3,0,False,screened_no_match,1,1,False,images/view/r1-569.webp,images/thumb/r1-569.webp,False
r1-570,570,1,Space,Relative Position,"A bicycle, a motorcycle, and a car, arranged so the smallest vehicle is leftmost, the largest is rightmost, and the remaining one stays between them",1,1,WISE full R1 · 2026-09-19,0,0,0,0,0,legacy / no structured retrieval events,True,1,3,0,False,screened_no_match,1,1,False,images/view/r1-570.webp,images/thumb/r1-570.webp,False
r1-571,571,1,Space,Relative Position,"A stool, a chair, and a ladder, with the shortest object nearest the viewer, the tallest at the back, and the remaining object in between",1,1,WISE full R1 · 2026-09-19,0,0,0,0,0,legacy / no structured retrieval events,True,1,3,0,False,screened_no_match,1,1,False,images/view/r1-571.webp,images/thumb/r1-571.webp,False
r1-572,572,1,Space,Relative Position,"A sparrow, a dog, and a horse, with the smallest animal at the top, the largest at the bottom, and the remaining one centered between them",1,1,WISE full R1 · 2026-09-19,0,0,0,0,0,legacy / no structured retrieval events,True,1,3,0,False,screened_no_match,1,1,False,images/view/r1-572.webp,images/thumb/r1-572.webp,False
r1-573,573,1,Space,Relative Position,"A bus, a car, and a bicycle, with the largest vehicle on the left, the smallest on the right, and the remaining one between them",1,1,WISE full R1 · 2026-09-19,0,0,0,0,0,legacy / no structured retrieval events,True,1,3,0,False,screened_no_match,1,1,False,images/view/r1-573.webp,images/thumb/r1-573.webp,False
r1-574,574,1,Space,Relative Position,"A whale, a dolphin, and a goldfish, with the smallest animal closest to the viewer, the largest farthest away, and the remaining one in the middle depth",1,1,WISE full R1 · 2026-09-19,0,0,0,0,0,legacy / no structured retrieval events,True,1,6,0,False,screened_no_match,1,1,False,images/view/r1-574.webp,images/thumb/r1-574.webp,False
r1-575,575,1,Space,Relative Position,"A backpack, a duffel bag, and a suitcase, with the smallest travel item on the right, the largest on the left, and the remaining one between them",1,1,WISE full R1 · 2026-09-19,0,0,0,0,0,legacy / no structured retrieval events,True,1,3,0,False,screened_no_match,1,1,False,images/view/r1-575.webp,images/thumb/r1-575.webp,False
r1-576,576,1,Space,Relative Position,"A cactus, a sunflower, and a palm tree, with the shortest plant on the left, the tallest on the right, and the medium-height plant between them",1,1,WISE full R1 · 2026-09-19,0,0,0,0,0,legacy / no structured retrieval events,True,1,3,0,False,screened_no_match,1,1,False,images/view/r1-576.webp,images/thumb/r1-576.webp,False
r1-577,577,1,Space,Relative Position,"A chick, a duck, and a swan, with the smallest bird on the left, the largest on the right, and the remaining bird between them",1,1,WISE full R1 · 2026-09-19,0,0,0,0,0,legacy / no structured retrieval events,True,1,6,0,False,screened_no_match,1,1,False,images/view/r1-577.webp,images/thumb/r1-577.webp,False
r1-578,578,1,Space,Relative Position,"A blueberry, an apple, and a pumpkin, with the smallest fruit nearest the viewer, the largest farthest away, and the remaining one between them",1,1,WISE full R1 · 2026-09-19,0,0,0,0,0,legacy / no structured retrieval events,True,1,6,0,False,screened_no_match,1,1,False,images/view/r1-578.webp,images/thumb/r1-578.webp,False
r1-579,579,1,Space,Relative Position,"A scooter, a bicycle, and a bus, with the smallest vehicle nearest the viewer, the largest at the back, and the remaining one in the middle depth",0,1,WISE full R1 · 2026-09-19,0,0,0,0,0,legacy / no structured retrieval events,True,1,3,0,False,screened_no_match,1,1,True,images/view/r1-579.webp,images/thumb/r1-579.webp,False
r1-580,580,1,Space,Relative Position,"A rabbit, a cat, and a tiger, with the smallest animal on the left, the largest on the right, and the remaining one between them",1,1,WISE full R1 · 2026-09-19,0,0,0,0,0,legacy / no structured retrieval events,True,1,3,0,False,screened_no_match,1,1,False,images/view/r1-580.webp,images/thumb/r1-580.webp,False
r1-581,581,1,Space,Relative Position,"A goldfish, a penguin, and a whale, with the smallest animal at the top, the largest at the bottom, and the remaining one in the middle",1,1,WISE full R1 · 2026-09-19,0,0,0,0,0,legacy / no structured retrieval events,True,1,6,0,False,screened_no_match,1,1,False,images/view/r1-581.webp,images/thumb/r1-581.webp,False
r1-582,582,1,Space,Relative Position,"A strawberry, a lime, and a blueberry, with the red fruit on the left, the blue fruit on the right, and the remaining fruit between them",1,1,WISE full R1 · 2026-09-19,0,0,0,0,0,legacy / no structured retrieval events,True,1,3,0,False,screened_no_match,1,1,False,images/view/r1-582.webp,images/thumb/r1-582.webp,False
r1-583,583,1,Space,Relative Position,"A candle, a table lamp, and a streetlamp, with the shortest light source on the left, the tallest on the right, and the remaining one between them",1,1,WISE full R1 · 2026-09-19,0,0,0,0,0,legacy / no structured retrieval events,True,1,6,0,False,screened_no_match,1,1,False,images/view/r1-583.webp,images/thumb/r1-583.webp,False
r1-584,584,1,Space,Relative Position,"A ping pong ball, a tennis ball, and a basketball, with the smallest ball on the left, the largest on the right, and the remaining ball between them",1,1,WISE full R1 · 2026-09-19,0,0,0,0,0,legacy / no structured retrieval events,True,1,3,0,False,screened_no_match,1,1,False,images/view/r1-584.webp,images/thumb/r1-584.webp,False
r1-585,585,1,Space,Relative Position,"A sparrow, a parrot, and a swan, with the smallest bird on the left, the largest bird on the right, and the remaining bird between them",1,1,WISE full R1 · 2026-09-19,0,0,0,0,0,legacy / no structured retrieval events,True,2,6,0,False,screened_no_match,1,1,False,images/view/r1-585.webp,images/thumb/r1-585.webp,False
r1-586,586,1,Space,Relative Position,"A mouse, a cat, and a cow, with the smallest animal closest to the viewer, the largest farthest away, and the remaining one in the middle depth",0,1,WISE full R1 · 2026-09-19,0,0,0,0,0,legacy / no structured retrieval events,True,1,3,0,False,screened_no_match,1,1,True,images/view/r1-586.webp,images/thumb/r1-586.webp,False
r1-587,587,1,Space,Relative Position,"A pencil, a marker, and a baseball bat, with the shortest object on the left, the longest on the right, and the remaining one between them",1,1,WISE full R1 · 2026-09-19,0,0,0,0,0,legacy / no structured retrieval events,True,1,3,0,False,screened_no_match,1,1,False,images/view/r1-587.webp,images/thumb/r1-587.webp,False
r1-588,588,1,Space,Relative Position,"A rabbit, a fox, and a bear, with the smallest animal on the left, the largest on the right, and the remaining one between them",1,1,WISE full R1 · 2026-09-19,0,0,0,0,0,legacy / no structured retrieval events,True,1,3,0,False,screened_no_match,1,1,False,images/view/r1-588.webp,images/thumb/r1-588.webp,False
r1-589,589,1,Space,Relative Position,"A bicycle, a car, and a train, arranged so the smallest vehicle stays on the left, the largest on the right, and the remaining one in the center",1,1,WISE full R1 · 2026-09-19,0,0,0,0,0,legacy / no structured retrieval events,True,1,6,0,False,screened_no_match,1,1,False,images/view/r1-589.webp,images/thumb/r1-589.webp,False
r1-590,590,1,Space,Relative Position,"An owl and a chick, with the larger bird on the right and the smaller one on the left",1,1,WISE full R1 · 2026-09-19,0,0,0,0,0,legacy / no structured retrieval events,True,1,6,0,False,screened_no_match,1,1,False,images/view/r1-590.webp,images/thumb/r1-590.webp,False
r1-591,591,1,Space,Relative Position,"A cucumber, a blueberry, a strawberry, and a banana, with the red item first, the yellow item immediately to its right, the green item next, and the blue item at the far right",1,1,WISE full R1 · 2026-09-19,0,0,0,0,0,legacy / no structured retrieval events,True,1,3,0,False,screened_no_match,1,1,False,images/view/r1-591.webp,images/thumb/r1-591.webp,False
r1-592,592,1,Space,Relative Position,"A horse, a mouse, a dog, and a rabbit, placed so the smallest animal is on the far left, the largest is on the far right, and the two middle-sized animals stay between them in size order",1,1,WISE full R1 · 2026-09-19,0,0,0,0,0,legacy / no structured retrieval events,True,1,3,0,False,screened_no_match,1,1,False,images/view/r1-592.webp,images/thumb/r1-592.webp,False
r1-593,593,1,Space,Relative Position,"A tennis ball, a golf ball, a basketball, and a baseball, stacked from top to bottom from smallest to largest",1,1,WISE full R1 · 2026-09-19,0,0,0,0,0,legacy / no structured retrieval events,True,1,3,0,False,screened_no_match,1,1,False,images/view/r1-593.webp,images/thumb/r1-593.webp,False
r1-594,594,1,Space,Relative Position,"An ostrich, a sparrow, a goose, and a duck, with the shortest bird nearest the viewer, the tallest farthest away, and the two middle birds kept between them in increasing height",0,1,WISE full R1 · 2026-09-19,0,0,0,0,0,legacy / no structured retrieval events,True,1,6,0,False,screened_no_match,1,1,True,images/view/r1-594.webp,images/thumb/r1-594.webp,False
r1-595,595,1,Space,Relative Position,"A baseball bat, a key, a rolling pin, and a spoon, placed from left to right from shortest to longest",1,1,WISE full R1 · 2026-09-19,0,0,0,0,0,legacy / no structured retrieval events,True,1,3,0,False,screened_no_match,1,1,False,images/view/r1-595.webp,images/thumb/r1-595.webp,False
r1-596,596,1,Space,Relative Position,"A watermelon, a cherry tomato, a pumpkin, and an apple, with the smallest fruit on the far left, the largest on the far right, and the two middle-sized fruits kept in order between them",1,1,WISE full R1 · 2026-09-19,0,0,0,0,0,legacy / no structured retrieval events,True,1,6,0,False,screened_no_match,1,1,False,images/view/r1-596.webp,images/thumb/r1-596.webp,False
r1-597,597,1,Space,Relative Position,"A streetlamp, a candle, a floor lamp, and a table lamp, arranged from left to right from shortest to tallest",1,1,WISE full R1 · 2026-09-19,0,0,0,0,0,legacy / no structured retrieval events,True,1,3,0,False,screened_no_match,1,1,False,images/view/r1-597.webp,images/thumb/r1-597.webp,False
r1-598,598,1,Space,Relative Position,"A bus, a scooter, a motorcycle, and a bicycle, with the smallest vehicle nearest the viewer, the largest farthest away, and the two middle vehicles between them in increasing size",0,0,WISE full R1 · 2026-09-19,0,0,0,0,0,legacy / no structured retrieval events,True,1,6,0,False,screened_no_match,1,1,True,images/view/r1-598.webp,images/thumb/r1-598.webp,False
r1-599,599,1,Space,Relative Position,"A kettle, a teacup, a teapot, and a mug, with the smallest vessel on the left, the largest on the right, and the two middle-sized vessels between them in increasing order",1,1,WISE full R1 · 2026-09-19,0,0,0,0,0,legacy / no structured retrieval events,True,1,6,0,False,screened_no_match,1,1,False,images/view/r1-599.webp,images/thumb/r1-599.webp,False
r1-600,600,1,Space,Relative Position,"A rabbit, a fox, and a deer, with the smallest animal nearest the viewer, the largest at the back, and the remaining one in the middle depth",1,1,WISE full R1 · 2026-09-19,0,0,0,0,0,legacy / no structured retrieval events,True,1,3,0,False,screened_no_match,1,1,False,images/view/r1-600.webp,images/thumb/r1-600.webp,False
r1-601,601,1,Space,Viewpoint and Scale,"A small bedroom seen from the doorway, with a centered window on the far wall, a bed along the left wall, and a desk along the right wall",1,1,WISE full R1 · 2026-09-19,0,0,0,0,0,legacy / no structured retrieval events,True,1,6,0,False,screened_no_match,1,1,False,images/view/r1-601.webp,images/thumb/r1-601.webp,False
r1-602,602,1,Space,Viewpoint and Scale,"A living room viewed from the hallway through a partly open door, with a TV stand on the far wall, a coffee table in the middle, and an armchair to the left of the coffee table",1,1,WISE full R1 · 2026-09-19,0,0,0,0,0,legacy / no structured retrieval events,True,1,6,0,False,screened_no_match,1,1,False,images/view/r1-602.webp,images/thumb/r1-602.webp,False
r1-603,603,1,Space,Viewpoint and Scale,"A small office seen from a doorway on the right wall, with a desk on the far wall, a chair in front of it, and a tall plant in the back-left corner",0,1,WISE full R1 · 2026-09-19,0,0,0,0,0,legacy / no structured retrieval events,True,1,6,0,False,screened_no_match,1,1,True,images/view/r1-603.webp,images/thumb/r1-603.webp,False
r1-604,604,1,Space,Viewpoint and Scale,"A kitchen seen from inside an open refrigerator, with a person reaching toward a bottle on the middle shelf",1,1,WISE full R1 · 2026-09-19,0,0,0,0,0,legacy / no structured retrieval events,True,1,6,0,False,screened_no_match,1,1,False,images/view/r1-604.webp,images/thumb/r1-604.webp,False
r1-605,605,1,Space,Viewpoint and Scale,The inside of a residential mailbox as a mail carrier slides an envelope through the slot,0,1,WISE full R1 · 2026-09-19,0,0,0,0,0,legacy / no structured retrieval events,True,1,6,0,False,screened_no_match,1,1,True,images/view/r1-605.webp,images/thumb/r1-605.webp,False
r1-606,606,1,Space,Viewpoint and Scale,"A piano keyboard viewed from the pianist's seat, with sheet music on the stand and a bright window beyond",0,0,WISE full R1 · 2026-09-19,0,0,0,0,0,legacy / no structured retrieval events,True,1,6,0,False,screened_no_match,1,1,True,images/view/r1-606.webp,images/thumb/r1-606.webp,False
r1-607,607,1,Space,Viewpoint and Scale,"A transparent umbrella seen from directly underneath, with raindrops scattered across the canopy and blurred city lights beyond",1,1,WISE full R1 · 2026-09-19,0,0,0,0,0,legacy / no structured retrieval events,True,1,6,0,False,screened_no_match,1,1,False,images/view/r1-607.webp,images/thumb/r1-607.webp,False
r1-608,608,1,Space,Viewpoint and Scale,"A spiral staircase seen from the bottom looking upward, with the handrail circling around a central pole",1,1,WISE full R1 · 2026-09-19,0,0,0,0,0,legacy / no structured retrieval events,True,2,6,0,False,screened_no_match,1,1,False,images/view/r1-608.webp,images/thumb/r1-608.webp,False
r1-609,609,1,Space,Viewpoint and Scale,A shopping cart seen from inside the basket as a shopper places a loaf of bread into it,0,1,WISE full R1 · 2026-09-19,0,0,0,0,0,legacy / no structured retrieval events,True,1,6,0,False,screened_no_match,1,1,True,images/view/r1-609.webp,images/thumb/r1-609.webp,False
r1-610,610,1,Space,Viewpoint and Scale,A washing machine drum seen from inside as a person loads a pile of clothes through the open door,1,1,WISE full R1 · 2026-09-19,0,0,0,0,0,legacy / no structured retrieval events,True,1,6,0,False,screened_no_match,1,1,False,images/view/r1-610.webp,images/thumb/r1-610.webp,False
r1-611,611,1,Space,Viewpoint and Scale,A wooden chair seen from directly below through a glass floor,1,1,WISE full R1 · 2026-09-19,0,0,0,0,0,legacy / no structured retrieval events,True,1,9,0,False,screened_no_match,1,1,False,images/view/r1-611.webp,images/thumb/r1-611.webp,False
r1-612,612,1,Space,Viewpoint and Scale,"The underside of a glass ceiling panel, with three stickers that are star, heart, and moon when viewed from above",0,0,WISE full R1 · 2026-09-19,0,0,0,0,0,legacy / no structured retrieval events,True,1,6,0,False,screened_no_match,1,1,True,images/view/r1-612.webp,images/thumb/r1-612.webp,False
r1-613,613,1,Space,Viewpoint and Scale,"A stack viewed from near the floor: a large cardboard box at the bottom, a smaller wooden crate centered on top, and a tiny metal tin above that",1,1,WISE full R1 · 2026-09-19,0,0,0,0,0,legacy / no structured retrieval events,True,1,6,0,False,screened_no_match,1,1,False,images/view/r1-613.webp,images/thumb/r1-613.webp,False
r1-614,614,1,Space,Viewpoint and Scale,"A hanging mobile seen from directly underneath, with a red star nearest, a green circle behind it, and a blue square farthest away",0,1,WISE full R1 · 2026-09-19,0,0,0,0,0,legacy / no structured retrieval events,True,1,6,0,False,screened_no_match,1,1,True,images/view/r1-614.webp,images/thumb/r1-614.webp,False
r1-615,615,1,Space,Viewpoint and Scale,"A clear glass table seen from below, with a ceramic cup, a metal key, and a folded napkin resting on top from left to right",0,0,WISE full R1 · 2026-09-19,0,0,0,0,0,legacy / no structured retrieval events,True,1,6,0,False,screened_no_match,1,1,True,images/view/r1-615.webp,images/thumb/r1-615.webp,False
r1-616,616,1,Space,Viewpoint and Scale,"A row of three sculptures seen from a dramatic low angle: a short cube, a medium sphere, and a tall obelisk",1,1,WISE full R1 · 2026-09-19,0,0,0,0,0,legacy / no structured retrieval events,True,1,6,0,False,screened_no_match,1,1,False,images/view/r1-616.webp,images/thumb/r1-616.webp,False
r1-617,617,1,Space,Viewpoint and Scale,"A small library room viewed from near the floor, with tall bookshelves on both sides, a hanging ceiling lamp, and a patterned rug",1,1,WISE full R1 · 2026-09-19,0,0,0,0,0,legacy / no structured retrieval events,True,1,6,0,False,screened_no_match,1,1,False,images/view/r1-617.webp,images/thumb/r1-617.webp,False
r1-618,618,1,Space,Viewpoint and Scale,"A desk-height low-angle view of three desktop objects: a potted cactus nearest the viewer, a closed laptop behind it, and a desk lamp farthest back",0,1,WISE full R1 · 2026-09-19,0,0,0,0,0,legacy / no structured retrieval events,True,1,6,0,False,screened_no_match,1,1,True,images/view/r1-618.webp,images/thumb/r1-618.webp,False
r1-619,619,1,Space,Viewpoint and Scale,"A swimming pool scene seen from underwater, with a swimmer above and bright midday sky beyond the rippling surface",1,1,WISE full R1 · 2026-09-19,0,0,0,0,0,legacy / no structured retrieval events,True,1,6,0,False,screened_no_match,1,1,False,images/view/r1-619.webp,images/thumb/r1-619.webp,False
r1-620,620,1,Space,Viewpoint and Scale,"A reading nook seen through a round peephole, with an armchair in the middle, a floor lamp on the left, and a small side table on the right",1,1,WISE full R1 · 2026-09-19,0,0,0,0,0,legacy / no structured retrieval events,True,1,6,0,False,screened_no_match,1,1,False,images/view/r1-620.webp,images/thumb/r1-620.webp,False
r1-621,621,1,Space,Viewpoint and Scale,"An indoor hallway seen through a door peephole, with a doormat near the bottom, a potted plant on the left, and a coat rack on the right",1,1,WISE full R1 · 2026-09-19,0,0,0,0,0,legacy / no structured retrieval events,True,1,6,0,False,screened_no_match,1,1,False,images/view/r1-621.webp,images/thumb/r1-621.webp,False
r1-622,622,1,Space,Viewpoint and Scale,"A narrow apartment hallway seen through a peephole, with a door at the far end, a small rug centered on the floor, and a coat rack on the right wall",1,1,WISE full R1 · 2026-09-19,0,0,0,0,0,legacy / no structured retrieval events,True,1,6,0,False,screened_no_match,1,1,False,images/view/r1-622.webp,images/thumb/r1-622.webp,False
r1-623,623,1,Space,Viewpoint and Scale,"A person holding a bouquet, seen through a door peephole from inside an apartment",1,1,WISE full R1 · 2026-09-19,0,0,0,0,0,legacy / no structured retrieval events,True,1,6,0,False,screened_no_match,1,1,False,images/view/r1-623.webp,images/thumb/r1-623.webp,False
r1-624,624,1,Space,Viewpoint and Scale,"A bathroom scene seen only in a mirror, where a person holds a red hairbrush in the right hand and a blue towel hangs on the wall to the person's left",0,0,WISE full R1 · 2026-09-19,0,0,0,0,0,legacy / no structured retrieval events,True,1,6,0,False,screened_no_match,1,1,True,images/view/r1-624.webp,images/thumb/r1-624.webp,False
r1-625,625,1,Space,Viewpoint and Scale,"A person sitting at a desk facing a computer monitor, with a desk lamp to the person's left and a coffee cup to the person's right, shown from behind the person",1,1,WISE full R1 · 2026-09-19,0,0,0,0,0,legacy / no structured retrieval events,True,1,3,0,False,screened_no_match,1,1,False,images/view/r1-625.webp,images/thumb/r1-625.webp,False
r1-626,626,1,Space,Viewpoint and Scale,"A bathroom vanity scene seen in a mirror, with a green toothbrush to the left of a red toothpaste tube on the counter and a blue cup to the right of the toothpaste in the real scene",0,0,WISE full R1 · 2026-09-19,0,0,0,0,0,legacy / no structured retrieval events,True,1,3,0,False,screened_no_match,1,1,True,images/view/r1-626.webp,images/thumb/r1-626.webp,False
r1-627,627,1,Space,Viewpoint and Scale,"A toy train arranged in a line as locomotive, boxcar, then tanker car, shown from a low eye-level angle from the front-left so the locomotive appears closest",1,1,WISE full R1 · 2026-09-19,0,0,0,0,0,legacy / no structured retrieval events,True,1,6,0,False,screened_no_match,1,1,False,images/view/r1-627.webp,images/thumb/r1-627.webp,False
r1-628,628,1,Space,Viewpoint and Scale,"A park bench with a large tree directly behind it, shown from the opposite side so the viewer looks toward the back of the bench",1,1,WISE full R1 · 2026-09-19,0,0,0,0,0,legacy / no structured retrieval events,True,1,6,0,False,screened_no_match,1,1,False,images/view/r1-628.webp,images/thumb/r1-628.webp,False
r1-629,629,1,Space,Viewpoint and Scale,"A person facing a mirror, wearing a jacket with a red patch on the left shoulder and holding a blue cup in the right hand, shown only through the mirror reflection",0,0,WISE full R1 · 2026-09-19,0,0,0,0,0,legacy / no structured retrieval events,True,1,6,0,False,screened_no_match,1,1,True,images/view/r1-629.webp,images/thumb/r1-629.webp,False
r1-630,630,1,Space,Viewpoint and Scale,"A vanity table seen in a mirror, with a perfume bottle on the left, a hairbrush in the center, and a lipstick on the right in the real scene",0,0,WISE full R1 · 2026-09-19,0,0,0,0,0,legacy / no structured retrieval events,True,1,6,0,False,screened_no_match,1,1,True,images/view/r1-630.webp,images/thumb/r1-630.webp,False
r1-631,631,1,Space,Viewpoint and Scale,"A car interior with a rear-view mirror reflecting the back seat, where a blue backpack is on the left side of the back seat and a red jacket is on the right side",0,0,WISE full R1 · 2026-09-19,0,0,0,0,0,legacy / no structured retrieval events,True,1,6,0,False,screened_no_match,1,1,True,images/view/r1-631.webp,images/thumb/r1-631.webp,False
r1-632,632,1,Space,Viewpoint and Scale,"A city bus interior seen from the very back row looking forward, with the aisle centered, a yellow handrail on the left, and the driver's area far ahead",1,1,WISE full R1 · 2026-09-19,0,0,0,0,0,legacy / no structured retrieval events,True,1,6,0,False,screened_no_match,1,1,False,images/view/r1-632.webp,images/thumb/r1-632.webp,False
r1-633,633,1,Space,Viewpoint and Scale,"A campsite seen from inside a tent, with the unzipped opening framing a lake and pine trees outside",1,1,WISE full R1 · 2026-09-19,0,0,0,0,0,legacy / no structured retrieval events,True,1,6,0,False,screened_no_match,1,1,False,images/view/r1-633.webp,images/thumb/r1-633.webp,False
r1-634,634,1,Space,Viewpoint and Scale,A skateboard passing directly over the camera as a skater jumps above it,1,1,WISE full R1 · 2026-09-19,0,0,0,0,0,legacy / no structured retrieval events,True,1,9,0,False,screened_no_match,1,1,False,images/view/r1-634.webp,images/thumb/r1-634.webp,False
r1-635,635,1,Space,Viewpoint and Scale,"A children's room viewed from a low angle near the floor, with a toy chest in front of a tall bookshelf and a floor lamp to the right",1,1,WISE full R1 · 2026-09-19,0,0,0,0,0,legacy / no structured retrieval events,True,1,6,0,False,screened_no_match,1,1,False,images/view/r1-635.webp,images/thumb/r1-635.webp,False
r1-636,636,1,Space,Viewpoint and Scale,"Three translucent acrylic cubes stacked vertically, viewed from a very low angle near the floor so the top cube appears slightly foreshortened",1,1,WISE full R1 · 2026-09-19,0,0,0,0,0,legacy / no structured retrieval events,True,1,6,0,False,screened_no_match,1,1,False,images/view/r1-636.webp,images/thumb/r1-636.webp,False
r1-637,637,1,Space,Viewpoint and Scale,A modern glass-and-steel pedestrian bridge viewed directly from underneath so the underside structure and a slice of sky are visible,1,1,WISE full R1 · 2026-09-19,0,0,0,0,0,legacy / no structured retrieval events,True,1,6,0,False,screened_no_match,1,1,False,images/view/r1-637.webp,images/thumb/r1-637.webp,False
r1-638,638,1,Space,Viewpoint and Scale,"A bronze statue on a pedestal in a city plaza, viewed from near the base looking upward with surrounding buildings framing the sky",1,1,WISE full R1 · 2026-09-19,0,0,0,0,0,legacy / no structured retrieval events,True,1,6,0,False,screened_no_match,1,1,False,images/view/r1-638.webp,images/thumb/r1-638.webp,False
r1-639,639,1,Space,Viewpoint and Scale,"A swimmer floating near the surface of a clear tropical lagoon, viewed from underwater looking up",1,1,WISE full R1 · 2026-09-19,0,0,0,0,0,legacy / no structured retrieval events,True,1,6,0,False,screened_no_match,1,1,False,images/view/r1-639.webp,images/thumb/r1-639.webp,False
r1-640,640,1,Space,Viewpoint and Scale,"An apartment hallway seen through a door peephole from inside, with a delivery person centered, a potted plant on the left, and a wall lamp on the right",0,1,WISE full R1 · 2026-09-19,0,0,0,0,0,legacy / no structured retrieval events,True,1,6,0,False,screened_no_match,1,1,True,images/view/r1-640.webp,images/thumb/r1-640.webp,False
r1-641,641,1,Biology,State,A birch tree with leaves exhibiting chlorophyll breakdown,1,1,WISE full R1 · 2026-09-19,0,0,0,0,0,legacy / no structured retrieval events,True,1,6,0,False,screened_no_match,1,1,False,images/view/r1-641.webp,images/thumb/r1-641.webp,False
r1-642,642,1,Biology,State,A maple tree with leaves where chlorophyll is not broken down,1,1,WISE full R1 · 2026-09-19,0,0,0,0,0,legacy / no structured retrieval events,True,1,6,0,False,screened_no_match,1,1,False,images/view/r1-642.webp,images/thumb/r1-642.webp,False
r1-643,643,1,Biology,State,A caterpillar having completed its pupation process,1,1,WISE full R1 · 2026-09-19,0,0,0,0,0,legacy / no structured retrieval events,True,1,6,0,False,screened_no_match,1,1,False,images/view/r1-643.webp,images/thumb/r1-643.webp,False
r1-644,644,1,Biology,State,"Lakeside macro photo of an insect clinging to a reed beside an empty aquatic shell, its wings still soft and crumpled in the morning air",0,0,WISE full R1 · 2026-09-19,0,0,0,0,0,legacy / no structured retrieval events,True,1,6,0,False,screened_no_match,1,1,True,images/view/r1-644.webp,images/thumb/r1-644.webp,False
r1-645,645,1,Biology,State,Image of a tadpole after growing up,1,1,WISE full R1 · 2026-09-19,0,0,0,0,0,legacy / no structured retrieval events,True,1,6,0,False,screened_no_match,1,1,False,images/view/r1-645.webp,images/thumb/r1-645.webp,False
r1-646,646,1,Biology,State,Macro photo of damp greenhouse soil with several tiny heart-shaped green sheets lying near mature fern fronds,1,1,WISE full R1 · 2026-09-19,0,0,0,0,0,legacy / no structured retrieval events,True,1,6,0,False,screened_no_match,1,1,False,images/view/r1-646.webp,images/thumb/r1-646.webp,False
r1-647,647,1,Biology,State,A bird's nest after the eggs have hatched,1,1,WISE full R1 · 2026-09-19,0,0,0,0,0,legacy / no structured retrieval events,True,1,6,0,False,screened_no_match,1,1,False,images/view/r1-647.webp,images/thumb/r1-647.webp,False
r1-648,648,1,Biology,State,"Strongly magnified close-up of a young seedling root laid on moist paper, focused on the region just behind the tip",0,0,WISE full R1 · 2026-09-19,0,0,0,0,0,legacy / no structured retrieval events,True,1,6,0,False,screened_no_match,1,1,True,images/view/r1-648.webp,images/thumb/r1-648.webp,False
r1-649,649,1,Biology,State,A frog observed during very hot and dry weather,1,1,WISE full R1 · 2026-09-19,0,0,0,0,0,legacy / no structured retrieval events,True,1,6,0,False,screened_no_match,1,1,False,images/view/r1-649.webp,images/thumb/r1-649.webp,False
r1-650,650,1,Biology,State,A classroom tabletop photo of two identical trays of bean seedlings: one kept under normal light and one kept inside a closed dark box for a week,1,1,WISE full R1 · 2026-09-19,0,0,0,0,0,legacy / no structured retrieval events,True,1,6,0,False,screened_no_match,1,1,False,images/view/r1-650.webp,images/thumb/r1-650.webp,False
r1-651,651,1,Biology,State,"A cactus seen in a very arid, desert-like environment",1,1,WISE full R1 · 2026-09-19,0,0,0,0,0,legacy / no structured retrieval events,True,1,6,0,False,screened_no_match,1,1,False,images/view/r1-651.webp,images/thumb/r1-651.webp,False
r1-652,652,1,Biology,State,Microscope view of a prepared slide showing the surface of a flower pistil after pollen had been applied and left to incubate,1,1,WISE full R1 · 2026-09-19,0,0,0,0,0,legacy / no structured retrieval events,True,1,9,0,False,screened_no_match,1,1,False,images/view/r1-652.webp,images/thumb/r1-652.webp,False
r1-653,653,1,Biology,State,"Indoor photo of a potted houseplant grown for months in exhausted potting soil, with older leaves noticeably lighter than the newest ones",1,1,WISE full R1 · 2026-09-19,0,0,0,0,0,legacy / no structured retrieval events,True,1,6,0,False,screened_no_match,1,1,False,images/view/r1-653.webp,images/thumb/r1-653.webp,False
r1-654,654,1,Biology,State,Polished cross-section photo of a cut tree branch on a lab bench with strong side lighting revealing internal patterns,1,1,WISE full R1 · 2026-09-19,0,0,0,0,0,legacy / no structured retrieval events,True,1,6,0,False,screened_no_match,1,1,False,images/view/r1-654.webp,images/thumb/r1-654.webp,False
r1-655,655,1,Biology,State,Light microscope view of a clear epidermal peel taken from the underside of a houseplant leaf and mounted on a slide,1,1,WISE full R1 · 2026-09-19,0,0,0,0,0,legacy / no structured retrieval events,True,1,6,0,False,screened_no_match,1,1,False,images/view/r1-655.webp,images/thumb/r1-655.webp,False
r1-656,656,1,Biology,State,Macro photo of a cut surface of lung tissue on a tray with a small ruler placed nearby for scale,1,1,WISE full R1 · 2026-09-19,0,0,0,0,0,legacy / no structured retrieval events,True,1,6,0,False,screened_no_match,1,1,False,images/view/r1-656.webp,images/thumb/r1-656.webp,False
r1-657,657,1,Biology,State,Specimen photo of a trachea segment on a tray with the front wall facing the camera,0,1,WISE full R1 · 2026-09-19,0,0,0,0,0,legacy / no structured retrieval events,True,1,6,0,False,screened_no_match,1,1,True,images/view/r1-657.webp,images/thumb/r1-657.webp,False
r1-658,658,1,Biology,State,A healed human wound showing tissue regeneration,1,1,WISE full R1 · 2026-09-19,0,0,0,0,0,legacy / no structured retrieval events,True,1,6,0,False,screened_no_match,1,1,False,images/view/r1-658.webp,images/thumb/r1-658.webp,False
r1-659,659,1,Biology,State,A piece of meat during bacterial decomposition,1,1,WISE full R1 · 2026-09-19,0,0,0,0,0,legacy / no structured retrieval events,True,1,6,0,False,screened_no_match,1,1,False,images/view/r1-659.webp,images/thumb/r1-659.webp,False
r1-660,660,1,Biology,State,A normal red blood cell in isotonic solution,1,1,WISE full R1 · 2026-09-19,0,0,0,0,0,legacy / no structured retrieval events,True,1,6,0,False,screened_no_match,1,1,False,images/view/r1-660.webp,images/thumb/r1-660.webp,False
r1-661,661,1,Biology,State,Red blood cells in hypertonic solution,1,1,WISE full R1 · 2026-09-19,0,0,0,0,0,legacy / no structured retrieval events,True,1,6,0,False,screened_no_match,1,1,False,images/view/r1-661.webp,images/thumb/r1-661.webp,False
r1-662,662,1,Biology,State,Red blood cells in hypotonic solution,1,1,WISE full R1 · 2026-09-19,0,0,0,0,0,legacy / no structured retrieval events,True,1,6,0,False,screened_no_match,1,1,False,images/view/r1-662.webp,images/thumb/r1-662.webp,False
r1-663,663,1,Biology,State,A leaf infected by fungus,1,1,WISE full R1 · 2026-09-19,0,0,0,0,0,legacy / no structured retrieval events,True,1,6,0,False,screened_no_match,1,1,False,images/view/r1-663.webp,images/thumb/r1-663.webp,False
r1-664,664,1,Biology,State,"Close-up photo of a garden snail on dry soil during a hot midday, with the shell opening clearly visible",1,0,WISE full R1 · 2026-09-19,0,0,0,0,0,legacy / no structured retrieval events,True,2,3,0,False,screened_no_match,1,1,False,images/view/r1-664.webp,images/thumb/r1-664.webp,False
r1-665,665,1,Biology,State,A potted succulent placed in a completely dark closet for one week,1,1,WISE full R1 · 2026-09-19,0,0,0,0,0,legacy / no structured retrieval events,True,1,6,0,False,screened_no_match,1,1,False,images/view/r1-665.webp,images/thumb/r1-665.webp,False
r1-666,666,1,Biology,State,A recently peeled apple slice segment,1,1,WISE full R1 · 2026-09-19,0,0,0,0,0,legacy / no structured retrieval events,True,1,6,0,False,screened_no_match,1,1,False,images/view/r1-666.webp,images/thumb/r1-666.webp,False
r1-667,667,1,Biology,State,"An apple slice, peeled and left out for a long time",1,0,WISE full R1 · 2026-09-19,0,0,0,0,0,legacy / no structured retrieval events,True,1,6,0,False,screened_no_match,1,1,False,images/view/r1-667.webp,images/thumb/r1-667.webp,False
r1-668,668,1,Biology,State,Dehydrated roses,1,1,WISE full R1 · 2026-09-19,0,0,0,0,0,legacy / no structured retrieval events,True,1,6,0,False,screened_no_match,1,1,False,images/view/r1-668.webp,images/thumb/r1-668.webp,False
r1-669,669,1,Biology,State,An overripe banana,1,1,WISE full R1 · 2026-09-19,0,0,0,0,0,legacy / no structured retrieval events,True,1,3,0,False,screened_no_match,1,1,False,images/view/r1-669.webp,images/thumb/r1-669.webp,False
r1-670,670,1,Biology,State,A premature banana,1,1,WISE full R1 · 2026-09-19,0,0,0,0,0,legacy / no structured retrieval events,True,1,6,0,False,screened_no_match,1,1,False,images/view/r1-670.webp,images/thumb/r1-670.webp,False
r1-671,671,1,Biology,State,The state of a leaf after a cold night,1,1,WISE full R1 · 2026-09-19,0,0,0,0,0,legacy / no structured retrieval events,True,1,3,0,False,screened_no_match,1,1,False,images/view/r1-671.webp,images/thumb/r1-671.webp,False
r1-672,672,1,Biology,State,A pine tree in severe drought,1,1,WISE full R1 · 2026-09-19,0,0,0,0,0,legacy / no structured retrieval events,True,1,6,0,False,screened_no_match,1,1,False,images/view/r1-672.webp,images/thumb/r1-672.webp,False
r1-673,673,1,Biology,State,Rice field with phosphorus deficiency,0,0,WISE full R1 · 2026-09-19,0,0,0,0,0,legacy / no structured retrieval events,True,1,6,0,False,screened_no_match,1,1,True,images/view/r1-673.webp,images/thumb/r1-673.webp,False
r1-674,674,1,Biology,State,Apple tree with iron deficiency,0,1,WISE full R1 · 2026-09-19,0,0,0,0,0,legacy / no structured retrieval events,True,1,6,0,False,screened_no_match,1,1,True,images/view/r1-674.webp,images/thumb/r1-674.webp,False
r1-675,675,1,Biology,State,Nitrogen-deficient wheat field,1,1,WISE full R1 · 2026-09-19,0,0,0,0,0,legacy / no structured retrieval events,True,1,6,0,False,screened_no_match,1,1,False,images/view/r1-675.webp,images/thumb/r1-675.webp,False
r1-676,676,1,Biology,State,Potassium-deficient banana tree,1,1,WISE full R1 · 2026-09-19,0,0,0,0,0,legacy / no structured retrieval events,True,1,6,0,False,screened_no_match,1,1,False,images/view/r1-676.webp,images/thumb/r1-676.webp,False
r1-677,677,1,Biology,State,Calcium-deficient pepper plants,1,1,WISE full R1 · 2026-09-19,0,0,0,0,0,legacy / no structured retrieval events,True,2,3,0,False,screened_no_match,1,1,False,images/view/r1-677.webp,images/thumb/r1-677.webp,False
r1-678,678,1,Biology,State,Boron-deficient broccoli with hollow stem,1,1,WISE full R1 · 2026-09-19,0,0,0,0,0,legacy / no structured retrieval events,True,1,9,0,False,screened_no_match,1,1,False,images/view/r1-678.webp,images/thumb/r1-678.webp,False
r1-679,679,1,Biology,State,"A house cat in a hallway during a sudden loud disturbance, photographed side-on with its full posture visible",0,1,WISE full R1 · 2026-09-19,0,0,0,0,0,legacy / no structured retrieval events,True,1,6,0,False,screened_no_match,1,1,True,images/view/r1-679.webp,images/thumb/r1-679.webp,False
r1-680,680,1,Biology,State,Top-down tidepool photo of a single sea urchin attached to rock in clear shallow water,0,1,WISE full R1 · 2026-09-19,0,0,0,0,0,legacy / no structured retrieval events,True,1,6,0,False,screened_no_match,1,1,True,images/view/r1-680.webp,images/thumb/r1-680.webp,False
r1-681,681,1,Biology,State,Extreme macro photo of the interior of a single lily flower with its central structures in sharp focus,1,1,WISE full R1 · 2026-09-19,0,0,0,0,0,legacy / no structured retrieval events,True,1,6,0,False,screened_no_match,1,1,False,images/view/r1-681.webp,images/thumb/r1-681.webp,False
r1-682,682,1,Biology,State,Eutrophic lake,1,1,WISE full R1 · 2026-09-19,0,0,0,0,0,legacy / no structured retrieval events,True,1,6,0,False,screened_no_match,1,1,False,images/view/r1-682.webp,images/thumb/r1-682.webp,False
r1-683,683,1,Biology,State,High-magnification brightfield microscope image of pollen collected from a flower anther and mounted on a clear slide,1,1,WISE full R1 · 2026-09-19,0,0,0,0,0,legacy / no structured retrieval events,True,1,6,0,False,screened_no_match,1,1,False,images/view/r1-683.webp,images/thumb/r1-683.webp,False
r1-684,684,1,Biology,State,Electron micrograph of a cross-section through a peripheral nerve fiber,1,1,WISE full R1 · 2026-09-19,0,0,0,0,0,legacy / no structured retrieval events,True,1,6,0,False,screened_no_match,1,1,False,images/view/r1-684.webp,images/thumb/r1-684.webp,False
r1-685,685,1,Biology,State,Realistic darkfield microscope view of a drop of pond water containing a single fast-moving unicellular organism,1,1,WISE full R1 · 2026-09-19,0,0,0,0,0,legacy / no structured retrieval events,True,1,6,0,False,screened_no_match,1,1,False,images/view/r1-685.webp,images/thumb/r1-685.webp,False
r1-686,686,1,Biology,Behavior,Mimosa pudica leaf being touched,0,0,WISE full R1 · 2026-09-19,0,0,0,0,0,legacy / no structured retrieval events,True,1,6,0,False,screened_no_match,1,1,True,images/view/r1-686.webp,images/thumb/r1-686.webp,False
r1-687,687,1,Biology,Behavior,Top-down close-up photo of ants moving between scattered sugar granules on a kitchen tile and a narrow crack at the edge,1,1,WISE full R1 · 2026-09-19,0,0,0,0,0,legacy / no structured retrieval events,True,1,6,0,False,screened_no_match,1,1,False,images/view/r1-687.webp,images/thumb/r1-687.webp,False
r1-688,688,1,Biology,Behavior,"Realistic macro wildlife photograph of a honeybee visiting a blooming sunflower in a garden, shallow depth of field, natural light",1,1,WISE full R1 · 2026-09-19,0,0,0,0,0,legacy / no structured retrieval events,True,1,6,0,False,screened_no_match,1,1,False,images/view/r1-688.webp,images/thumb/r1-688.webp,False
r1-689,689,1,Biology,Behavior,Dog marking its territory,1,1,WISE full R1 · 2026-09-19,0,0,0,0,0,legacy / no structured retrieval events,True,1,6,0,False,screened_no_match,1,1,False,images/view/r1-689.webp,images/thumb/r1-689.webp,False
r1-690,690,1,Biology,Behavior,A chameleon perfectly camouflaged against a brown leaf,1,1,WISE full R1 · 2026-09-19,0,0,0,0,0,legacy / no structured retrieval events,True,1,9,0,False,screened_no_match,1,1,False,images/view/r1-690.webp,images/thumb/r1-690.webp,False
r1-691,691,1,Biology,Behavior,Underwater reef photo of a small brightly colored fish hovering near the gill region of a much larger fish that remains unusually still,1,1,WISE full R1 · 2026-09-19,0,0,0,0,0,legacy / no structured retrieval events,True,1,6,0,False,screened_no_match,1,1,False,images/view/r1-691.webp,images/thumb/r1-691.webp,False
r1-692,692,1,Biology,Behavior,A Mimosa pudica plant after being touched,0,1,WISE full R1 · 2026-09-19,0,0,0,0,0,legacy / no structured retrieval events,True,1,6,0,False,screened_no_match,1,1,True,images/view/r1-692.webp,images/thumb/r1-692.webp,False
r1-693,693,1,Biology,Behavior,A male bowerbird at its display site,1,1,WISE full R1 · 2026-09-19,0,0,0,0,0,legacy / no structured retrieval events,True,1,9,0,False,screened_no_match,1,1,False,images/view/r1-693.webp,images/thumb/r1-693.webp,False
r1-694,694,1,Biology,Behavior,Porcupine defending itself from a predator,1,1,WISE full R1 · 2026-09-19,0,0,0,0,0,legacy / no structured retrieval events,True,1,9,0,False,screened_no_match,1,1,False,images/view/r1-694.webp,images/thumb/r1-694.webp,False
r1-695,695,1,Biology,Behavior,Pangolin defending itself from a predator,0,1,WISE full R1 · 2026-09-19,0,0,0,0,0,legacy / no structured retrieval events,True,1,6,0,False,screened_no_match,1,1,True,images/view/r1-695.webp,images/thumb/r1-695.webp,False
r1-696,696,1,Biology,Behavior,Armadillo threatened by a predator,1,1,WISE full R1 · 2026-09-19,0,0,0,0,0,legacy / no structured retrieval events,True,1,6,0,False,screened_no_match,1,1,False,images/view/r1-696.webp,images/thumb/r1-696.webp,False
r1-697,697,1,Biology,Behavior,Hedgehog defending itself from a predator,0,1,WISE full R1 · 2026-09-19,0,0,0,0,0,legacy / no structured retrieval events,True,1,6,0,False,screened_no_match,1,1,True,images/view/r1-697.webp,images/thumb/r1-697.webp,False
r1-698,698,1,Biology,Behavior,Opossum's common behavior to avoid a predator,1,1,WISE full R1 · 2026-09-19,0,0,0,0,0,legacy / no structured retrieval events,True,1,6,0,False,screened_no_match,1,1,False,images/view/r1-698.webp,images/thumb/r1-698.webp,False
r1-699,699,1,Biology,Behavior,Frilled-neck lizard defending itself from a predator,1,1,WISE full R1 · 2026-09-19,0,0,0,0,0,legacy / no structured retrieval events,True,1,6,0,False,screened_no_match,1,1,False,images/view/r1-699.webp,images/thumb/r1-699.webp,False
r1-700,700,1,Biology,Behavior,Box turtle defending itself from a predator,0,0,WISE full R1 · 2026-09-19,0,0,0,0,0,legacy / no structured retrieval events,True,1,9,0,False,screened_no_match,1,1,True,images/view/r1-700.webp,images/thumb/r1-700.webp,False
r1-701,701,1,Biology,Behavior,A frigatebird displaying to attract a mate,1,1,WISE full R1 · 2026-09-19,0,0,0,0,0,legacy / no structured retrieval events,True,1,6,0,False,screened_no_match,1,1,False,images/view/r1-701.webp,images/thumb/r1-701.webp,False
r1-702,702,1,Biology,Behavior,Fireflies displaying to attract mates,1,1,WISE full R1 · 2026-09-19,0,0,0,0,0,legacy / no structured retrieval events,True,1,6,0,False,screened_no_match,1,1,False,images/view/r1-702.webp,images/thumb/r1-702.webp,False
r1-703,703,1,Biology,Behavior,A sloth in its typical resting position,1,1,WISE full R1 · 2026-09-19,0,0,0,0,0,legacy / no structured retrieval events,True,1,3,0,False,screened_no_match,1,1,False,images/view/r1-703.webp,images/thumb/r1-703.webp,False
r1-704,704,1,Biology,Behavior,An electric eel among small fish in murky shallow freshwater,1,1,WISE full R1 · 2026-09-19,0,0,0,0,0,legacy / no structured retrieval events,True,1,9,0,False,screened_no_match,1,1,False,images/view/r1-704.webp,images/thumb/r1-704.webp,False
r1-705,705,1,Biology,Behavior,"A water lily at nighttime, highlighting the state of its flowers",1,1,WISE full R1 · 2026-09-19,0,0,0,0,0,legacy / no structured retrieval events,True,1,6,0,False,screened_no_match,1,1,False,images/view/r1-705.webp,images/thumb/r1-705.webp,False
r1-706,706,1,Biology,Behavior,A water lily in full daytime bloom,1,1,WISE full R1 · 2026-09-19,0,0,0,0,0,legacy / no structured retrieval events,True,1,6,0,False,screened_no_match,1,1,False,images/view/r1-706.webp,images/thumb/r1-706.webp,False
r1-707,707,1,Biology,Behavior,"Morning rooster, emphasizing its behavior",1,1,WISE full R1 · 2026-09-19,0,0,0,0,0,legacy / no structured retrieval events,True,1,6,0,False,screened_no_match,1,1,False,images/view/r1-707.webp,images/thumb/r1-707.webp,False
r1-708,708,1,Biology,Behavior,Bats resting in the trees,1,1,WISE full R1 · 2026-09-19,0,0,0,0,0,legacy / no structured retrieval events,True,1,6,0,False,screened_no_match,1,1,False,images/view/r1-708.webp,images/thumb/r1-708.webp,False
r1-709,709,1,Biology,Behavior,A cheetah preparing to sprint towards its prey,0,0,WISE full R1 · 2026-09-19,0,0,0,0,0,legacy / no structured retrieval events,True,1,6,0,False,screened_no_match,1,1,True,images/view/r1-709.webp,images/thumb/r1-709.webp,False
r1-710,710,1,Biology,Behavior,Octopus behavior when facing danger,1,1,WISE full R1 · 2026-09-19,0,0,0,0,0,legacy / no structured retrieval events,True,1,6,0,False,screened_no_match,1,1,False,images/view/r1-710.webp,images/thumb/r1-710.webp,False
r1-711,711,1,Biology,Behavior,Jellyfish in the darkness,1,1,WISE full R1 · 2026-09-19,0,0,0,0,0,legacy / no structured retrieval events,True,1,6,0,False,screened_no_match,1,1,False,images/view/r1-711.webp,images/thumb/r1-711.webp,False
r1-712,712,1,Biology,Behavior,Lizard's extreme escape behavior when facing danger,0,1,WISE full R1 · 2026-09-19,0,0,0,0,0,legacy / no structured retrieval events,True,1,6,0,False,screened_no_match,1,1,True,images/view/r1-712.webp,images/thumb/r1-712.webp,False
r1-713,713,1,Biology,Behavior,Common behavior after a whale surfaces,1,1,WISE full R1 · 2026-09-19,0,0,0,0,0,legacy / no structured retrieval events,True,1,6,0,False,screened_no_match,1,1,False,images/view/r1-713.webp,images/thumb/r1-713.webp,False
r1-714,714,1,Biology,Behavior,Young sunflower buds in a field under a clear daytime sky,0,1,WISE full R1 · 2026-09-19,0,0,0,0,0,legacy / no structured retrieval events,True,1,6,0,False,screened_no_match,1,1,True,images/view/r1-714.webp,images/thumb/r1-714.webp,False
r1-715,715,1,Biology,Behavior,A male peacock trying to attract a female,1,1,WISE full R1 · 2026-09-19,0,0,0,0,0,legacy / no structured retrieval events,True,1,6,0,False,screened_no_match,1,1,False,images/view/r1-715.webp,images/thumb/r1-715.webp,False
r1-716,716,1,Biology,Behavior,A bear deep inside a snow-covered den in midwinter,1,1,WISE full R1 · 2026-09-19,0,0,0,0,0,legacy / no structured retrieval events,True,1,6,0,False,screened_no_match,1,1,False,images/view/r1-716.webp,images/thumb/r1-716.webp,False
r1-717,717,1,Biology,Behavior,Wildebeest migration on the African savanna,1,1,WISE full R1 · 2026-09-19,0,0,0,0,0,legacy / no structured retrieval events,True,1,6,0,False,screened_no_match,1,1,False,images/view/r1-717.webp,images/thumb/r1-717.webp,False
r1-718,718,1,Biology,Behavior,Venus flytrap catching an insect,0,0,WISE full R1 · 2026-09-19,0,0,0,0,0,legacy / no structured retrieval events,True,1,6,0,False,screened_no_match,1,1,True,images/view/r1-718.webp,images/thumb/r1-718.webp,False
r1-719,719,1,Biology,Behavior,Gorilla displaying dominance,1,1,WISE full R1 · 2026-09-19,0,0,0,0,0,legacy / no structured retrieval events,True,1,6,0,False,screened_no_match,1,1,False,images/view/r1-719.webp,images/thumb/r1-719.webp,False
r1-720,720,1,Biology,Behavior,Kangaroo nursing its joey,0,0,WISE full R1 · 2026-09-19,0,0,0,0,0,legacy / no structured retrieval events,True,1,6,0,False,screened_no_match,1,1,True,images/view/r1-720.webp,images/thumb/r1-720.webp,False
r1-721,721,1,Biology,Behavior,Monarch butterflies clustered on tree branches at an overwintering grove,1,1,WISE full R1 · 2026-09-19,0,0,0,0,0,legacy / no structured retrieval events,True,1,6,0,False,screened_no_match,1,1,False,images/view/r1-721.webp,images/thumb/r1-721.webp,False
r1-722,722,1,Biology,Behavior,A crow beside a tree cavity holding a slender twig in its beak,1,1,WISE full R1 · 2026-09-19,0,0,0,0,0,legacy / no structured retrieval events,True,1,9,0,False,screened_no_match,1,1,False,images/view/r1-722.webp,images/thumb/r1-722.webp,False
r1-723,723,1,Biology,Behavior,A colony of emperor penguins during severe Antarctic wind,1,0,WISE full R1 · 2026-09-19,0,0,0,0,0,legacy / no structured retrieval events,True,1,6,0,False,screened_no_match,1,1,False,images/view/r1-723.webp,images/thumb/r1-723.webp,False
r1-724,724,1,Biology,Behavior,Sardine's group defense against predators,1,1,WISE full R1 · 2026-09-19,0,0,0,0,0,legacy / no structured retrieval events,True,1,6,0,False,screened_no_match,1,1,False,images/view/r1-724.webp,images/thumb/r1-724.webp,False
r1-725,725,1,Biology,Behavior,Elephant using a tool to drive flies,1,1,WISE full R1 · 2026-09-19,0,0,0,0,0,legacy / no structured retrieval events,True,1,6,0,False,screened_no_match,1,1,False,images/view/r1-725.webp,images/thumb/r1-725.webp,False
r1-726,726,1,Biology,Behavior,A male frigatebird on a coastal nesting ground with its red throat pouch fully inflated,1,1,WISE full R1 · 2026-09-19,0,0,0,0,0,legacy / no structured retrieval events,True,1,6,0,False,screened_no_match,1,1,False,images/view/r1-726.webp,images/thumb/r1-726.webp,False
r1-727,727,1,Biology,Behavior,Zebras forming a defensive circle,0,1,WISE full R1 · 2026-09-19,0,0,0,0,0,legacy / no structured retrieval events,True,1,6,0,False,screened_no_match,1,1,True,images/view/r1-727.webp,images/thumb/r1-727.webp,False
r1-728,728,1,Biology,Behavior,Penguin parents transferring an egg,1,0,WISE full R1 · 2026-09-19,0,0,0,0,0,legacy / no structured retrieval events,True,1,6,0,False,screened_no_match,1,1,False,images/view/r1-728.webp,images/thumb/r1-728.webp,False
r1-729,729,1,Biology,Behavior,"Virginia creeper and wall, highlighting the behavior of Virginia creeper",1,1,WISE full R1 · 2026-09-19,0,0,0,0,0,legacy / no structured retrieval events,True,1,6,0,False,screened_no_match,1,1,False,images/view/r1-729.webp,images/thumb/r1-729.webp,False
r1-730,730,1,Biology,State,A potted seedling kept for many days beside a bright one-sided window,1,1,WISE full R1 · 2026-09-19,0,0,0,0,0,legacy / no structured retrieval events,True,1,6,0,False,screened_no_match,1,1,False,images/view/r1-730.webp,images/thumb/r1-730.webp,False
r1-731,731,1,Biology,State,A coral reef after losing its symbiotic zooxanthellae,1,1,WISE full R1 · 2026-09-19,0,0,0,0,0,legacy / no structured retrieval events,True,1,6,0,False,screened_no_match,1,1,False,images/view/r1-731.webp,images/thumb/r1-731.webp,False
r1-732,732,1,Biology,State,An apple tree in a temperate orchard in late January,1,1,WISE full R1 · 2026-09-19,0,0,0,0,0,legacy / no structured retrieval events,True,1,6,0,False,screened_no_match,1,1,False,images/view/r1-732.webp,images/thumb/r1-732.webp,False
r1-733,733,1,Biology,State,A plant showing plasmolysis due to severe dehydration,1,1,WISE full R1 · 2026-09-19,0,0,0,0,0,legacy / no structured retrieval events,True,1,9,0,False,screened_no_match,1,1,False,images/view/r1-733.webp,images/thumb/r1-733.webp,False
r1-734,734,1,Biology,State,A mature puffball mushroom in a meadow just after a fallen branch lightly taps its surface,1,1,WISE full R1 · 2026-09-19,0,0,0,0,0,legacy / no structured retrieval events,True,1,9,0,False,screened_no_match,1,1,False,images/view/r1-734.webp,images/thumb/r1-734.webp,False
r1-735,735,1,Biology,State,A plant showing etiolation after being grown in complete darkness,1,1,WISE full R1 · 2026-09-19,0,0,0,0,0,legacy / no structured retrieval events,True,1,6,0,False,screened_no_match,1,1,False,images/view/r1-735.webp,images/thumb/r1-735.webp,False
r1-736,736,1,Biology,State,Leaf stomata in an open state under microscopic view,1,1,WISE full R1 · 2026-09-19,0,0,0,0,0,legacy / no structured retrieval events,True,1,6,0,False,screened_no_match,1,1,False,images/view/r1-736.webp,images/thumb/r1-736.webp,False
r1-737,737,1,Biology,State,"A taro plant growing in a greenhouse with waterlogged soil, photographed in the hour before sunrise",1,1,WISE full R1 · 2026-09-19,0,0,0,0,0,legacy / no structured retrieval events,True,1,9,0,False,screened_no_match,1,1,False,images/view/r1-737.webp,images/thumb/r1-737.webp,False
r1-738,738,1,Biology,State,"A clump of Panellus stipticus fungi growing on an oak log, photographed in a forest at midnight",1,1,WISE full R1 · 2026-09-19,0,0,0,0,0,legacy / no structured retrieval events,True,1,6,0,False,screened_no_match,1,1,False,images/view/r1-738.webp,images/thumb/r1-738.webp,False
r1-739,739,1,Biology,State,A potato stored in a sealed dark pantry for six weeks without refrigeration,1,1,WISE full R1 · 2026-09-19,0,0,0,0,0,legacy / no structured retrieval events,True,1,6,0,False,screened_no_match,1,1,False,images/view/r1-739.webp,images/thumb/r1-739.webp,False
r1-740,740,1,Biology,State,A plant infected with bacterial blight showing characteristic symptoms,1,1,WISE full R1 · 2026-09-19,0,0,0,0,0,legacy / no structured retrieval events,True,1,9,0,False,screened_no_match,1,1,False,images/view/r1-740.webp,images/thumb/r1-740.webp,False
r1-741,741,1,Biology,State,A Fuji apple freshly sliced at room temperature and left uncovered for forty-five minutes,1,1,WISE full R1 · 2026-09-19,0,0,0,0,0,legacy / no structured retrieval events,True,1,9,0,False,screened_no_match,1,1,False,images/view/r1-741.webp,images/thumb/r1-741.webp,False
r1-742,742,1,Biology,State,A brown bear (Ursus arctos) inside its winter den in Montana in February,1,1,WISE full R1 · 2026-09-19,0,0,0,0,0,legacy / no structured retrieval events,True,1,9,0,False,screened_no_match,1,1,False,images/view/r1-742.webp,images/thumb/r1-742.webp,False
r1-743,743,1,Biology,State,A Douglas fir cone collected from a wet forest floor and placed on a sunny indoor windowsill overnight,1,0,WISE full R1 · 2026-09-19,0,0,0,0,0,legacy / no structured retrieval events,True,1,9,0,False,screened_no_match,1,1,False,images/view/r1-743.webp,images/thumb/r1-743.webp,False
r1-744,744,1,Biology,State,A dried kidney bean placed on moist filter paper in a sealed petri dish left overnight at room temperature,1,1,WISE full R1 · 2026-09-19,0,0,0,0,0,legacy / no structured retrieval events,True,1,6,0,False,screened_no_match,1,1,False,images/view/r1-744.webp,images/thumb/r1-744.webp,False
r1-745,745,1,Biology,Behavior,A female anglerfish hunting in the North Atlantic at 1000 meters depth,1,1,WISE full R1 · 2026-09-19,0,0,0,0,0,legacy / no structured retrieval events,True,1,9,0,False,screened_no_match,1,1,False,images/view/r1-745.webp,images/thumb/r1-745.webp,False
r1-746,746,1,Biology,Behavior,A large humphead wrasse hovering motionless with mouth agape near a well-known reef cleaning station,0,1,WISE full R1 · 2026-09-19,0,0,0,0,0,legacy / no structured retrieval events,True,1,9,0,False,screened_no_match,1,1,True,images/view/r1-746.webp,images/thumb/r1-746.webp,False
r1-747,747,1,Biology,Behavior,A reed warbler nest in a Norfolk wetland discovered in late May containing four eggs,0,1,WISE full R1 · 2026-09-19,0,0,0,0,0,legacy / no structured retrieval events,True,1,9,0,False,screened_no_match,1,1,True,images/view/r1-747.webp,images/thumb/r1-747.webp,False
r1-748,748,1,Biology,Behavior,An Octopus vulgaris resting motionless on a barnacle-encrusted granite slab in the Mediterranean,1,0,WISE full R1 · 2026-09-19,0,0,0,0,0,legacy / no structured retrieval events,True,1,6,0,False,screened_no_match,1,1,False,images/view/r1-748.webp,images/thumb/r1-748.webp,False
r1-749,749,1,Biology,Behavior,A column of Eciton burchellii army ants encountering a 3 cm gap in a Costa Rican forest floor trail,1,1,WISE full R1 · 2026-09-19,0,0,0,0,0,legacy / no structured retrieval events,True,1,9,0,False,screened_no_match,1,1,False,images/view/r1-749.webp,images/thumb/r1-749.webp,False
r1-750,750,1,Biology,Behavior,A Brachinus bombardier beetle suddenly disturbed by a large carabid predator on dry soil,0,1,WISE full R1 · 2026-09-19,0,0,0,0,0,legacy / no structured retrieval events,True,1,9,0,False,screened_no_match,1,1,True,images/view/r1-750.webp,images/thumb/r1-750.webp,False
r1-751,751,1,Biology,Behavior,Juvenile Tetragnatha spiders on a fence post on a warm morning with a light thermal breeze,1,1,WISE full R1 · 2026-09-19,0,0,0,0,0,legacy / no structured retrieval events,True,1,9,0,False,screened_no_match,1,1,False,images/view/r1-751.webp,images/thumb/r1-751.webp,False
r1-752,752,1,Biology,Behavior,An Atta texana foraging trail in a Texas woodland in early morning,1,1,WISE full R1 · 2026-09-19,0,0,0,0,0,legacy / no structured retrieval events,True,1,9,0,False,screened_no_match,1,1,False,images/view/r1-752.webp,images/thumb/r1-752.webp,False
r1-753,753,1,Biology,Behavior,A pea plant tendril after seventy-two hours of contact with a vertical bamboo stake,1,1,WISE full R1 · 2026-09-19,0,0,0,0,0,legacy / no structured retrieval events,True,1,9,0,False,screened_no_match,1,1,False,images/view/r1-753.webp,images/thumb/r1-753.webp,False
r1-754,754,1,Biology,Behavior,A Boleophthalmus mudskipper on an intertidal mudflat in the Sundarbans at low tide,0,1,WISE full R1 · 2026-09-19,0,0,0,0,0,legacy / no structured retrieval events,True,1,9,0,False,screened_no_match,1,1,True,images/view/r1-754.webp,images/thumb/r1-754.webp,False
r1-755,755,1,Biology,Behavior,A Gopherus agassizii (Mojave desert tortoise) in the Sonoran Desert at 1 pm in late July,0,1,WISE full R1 · 2026-09-19,0,0,0,0,0,legacy / no structured retrieval events,True,1,9,0,False,screened_no_match,1,1,True,images/view/r1-755.webp,images/thumb/r1-755.webp,False
r1-756,756,1,Biology,Behavior,A large aggregation of Pacific sardines encountering a yellowfin tuna in open water off Baja California,1,1,WISE full R1 · 2026-09-19,0,0,0,0,0,legacy / no structured retrieval events,True,1,9,0,False,screened_no_match,1,1,False,images/view/r1-756.webp,images/thumb/r1-756.webp,False
r1-757,757,1,Biology,Behavior,A Trichoptera (caddisfly) larva on a pebble in a fast-flowing British chalk stream,1,1,WISE full R1 · 2026-09-19,0,0,0,0,0,legacy / no structured retrieval events,True,1,9,0,False,screened_no_match,1,1,False,images/view/r1-757.webp,images/thumb/r1-757.webp,False
r1-758,758,1,Biology,Behavior,A porcupinefish (Diodon hystrix) just after a sudden lunge by a moray eel in a Caribbean coral reef,1,1,WISE full R1 · 2026-09-19,0,0,0,0,0,legacy / no structured retrieval events,True,1,9,0,False,screened_no_match,1,1,False,images/view/r1-758.webp,images/thumb/r1-758.webp,False
r1-759,759,1,Biology,Behavior,A Suricata suricatta family group in the central Kalahari at 9 am during morning foraging,1,1,WISE full R1 · 2026-09-19,0,0,0,0,0,legacy / no structured retrieval events,True,1,9,0,False,screened_no_match,1,1,False,images/view/r1-759.webp,images/thumb/r1-759.webp,False
r1-760,760,1,Biology,Behavior,A forager honey bee returning to the hive after locating a sunflower field 400 meters to the northeast,0,0,WISE full R1 · 2026-09-19,0,0,0,0,0,legacy / no structured retrieval events,True,1,9,0,False,screened_no_match,1,1,True,images/view/r1-760.webp,images/thumb/r1-760.webp,False
r1-761,761,1,Physical Knowledge,Mechanics,"A string of decorative lights hanging between two balcony posts, emphasizing the shape of the string",1,1,WISE full R1 · 2026-09-19,0,0,0,0,0,legacy / no structured retrieval events,True,1,6,0,False,screened_no_match,1,1,False,images/view/r1-761.webp,images/thumb/r1-761.webp,False
r1-762,762,1,Physical Knowledge,Mechanics,An elephant and a rabbit stand on both sides of a seesaw,1,1,WISE full R1 · 2026-09-19,0,0,0,0,0,legacy / no structured retrieval events,True,1,6,0,False,screened_no_match,1,1,False,images/view/r1-762.webp,images/thumb/r1-762.webp,False
r1-763,763,1,Physical Knowledge,Mechanics,An iron ball and an equally sized soccer ball are standing on either side of the balance beam,0,1,WISE full R1 · 2026-09-19,0,0,0,0,0,legacy / no structured retrieval events,True,1,6,0,False,screened_no_match,1,1,True,images/view/r1-763.webp,images/thumb/r1-763.webp,False
r1-764,764,1,Physical Knowledge,Mechanics,The large stone and the rubber ball are standing on both sides of the beam balance,0,0,WISE full R1 · 2026-09-19,0,0,0,0,0,legacy / no structured retrieval events,True,1,6,0,False,screened_no_match,1,1,True,images/view/r1-764.webp,images/thumb/r1-764.webp,False
r1-765,765,1,Physical Knowledge,Mechanics,The child and the leaf are standing on both sides of the teeter-totter,1,1,WISE full R1 · 2026-09-19,0,0,0,0,0,legacy / no structured retrieval events,True,1,6,0,False,screened_no_match,1,1,False,images/view/r1-765.webp,images/thumb/r1-765.webp,False
r1-766,766,1,Physical Knowledge,Mechanics,"Two gold balls, one large and one small, fall from the air Compare their height at the same moment",1,1,WISE full R1 · 2026-09-19,0,0,0,0,0,legacy / no structured retrieval events,True,1,6,0,False,screened_no_match,1,1,False,images/view/r1-766.webp,images/thumb/r1-766.webp,False
r1-767,767,1,Physical Knowledge,Mechanics,A hanging plumb bob and the ground,1,1,WISE full R1 · 2026-09-19,0,0,0,0,0,legacy / no structured retrieval events,True,1,6,0,False,screened_no_match,1,1,False,images/view/r1-767.webp,images/thumb/r1-767.webp,False
r1-768,768,1,Physical Knowledge,Mechanics,A hanging melon next to the ground,1,1,WISE full R1 · 2026-09-19,0,0,0,0,0,legacy / no structured retrieval events,True,1,3,0,False,screened_no_match,1,1,False,images/view/r1-768.webp,images/thumb/r1-768.webp,False
r1-769,769,1,Physical Knowledge,Mechanics,"The positional relationship between a person and the ground, when there is no gravity",1,1,WISE full R1 · 2026-09-19,0,0,0,0,0,legacy / no structured retrieval events,True,1,6,0,False,screened_no_match,1,1,False,images/view/r1-769.webp,images/thumb/r1-769.webp,False
r1-770,770,1,Physical Knowledge,Mechanics,"The positional relationship between a pencil and the ground, when there is no gravity",1,1,WISE full R1 · 2026-09-19,0,0,0,0,0,legacy / no structured retrieval events,True,1,6,0,False,screened_no_match,1,1,False,images/view/r1-770.webp,images/thumb/r1-770.webp,False
r1-771,771,1,Physical Knowledge,Mechanics,A pear and a piece of light wood placed in a transparent water tank,0,1,WISE full R1 · 2026-09-19,0,0,0,0,0,legacy / no structured retrieval events,True,1,6,0,False,screened_no_match,1,1,True,images/view/r1-771.webp,images/thumb/r1-771.webp,False
r1-772,772,1,Physical Knowledge,Mechanics,A small piece of dry wood and a dense iron block are in a transparent water tank,1,1,WISE full R1 · 2026-09-19,0,0,0,0,0,legacy / no structured retrieval events,True,1,6,0,False,screened_no_match,1,1,False,images/view/r1-772.webp,images/thumb/r1-772.webp,False
r1-773,773,1,Physical Knowledge,Mechanics,An empty plastic bottle and a large rock in a transparent water tank,1,1,WISE full R1 · 2026-09-19,0,0,0,0,0,legacy / no structured retrieval events,True,1,6,0,False,screened_no_match,1,1,False,images/view/r1-773.webp,images/thumb/r1-773.webp,False
r1-774,774,1,Physical Knowledge,Mechanics,A balloon filled with air in a room,1,1,WISE full R1 · 2026-09-19,0,0,0,0,0,legacy / no structured retrieval events,True,1,6,0,False,screened_no_match,1,1,False,images/view/r1-774.webp,images/thumb/r1-774.webp,False
r1-775,775,1,Physical Knowledge,Mechanics,A balloon filled with helium in a room,1,1,WISE full R1 · 2026-09-19,0,0,0,0,0,legacy / no structured retrieval events,True,1,3,0,False,screened_no_match,1,1,False,images/view/r1-775.webp,images/thumb/r1-775.webp,False
r1-776,776,1,Physical Knowledge,Mechanics,A bowl of soft dough with a heavy wooden spoon left resting in the center,1,1,WISE full R1 · 2026-09-19,0,0,0,0,0,legacy / no structured retrieval events,True,1,6,0,False,screened_no_match,1,1,False,images/view/r1-776.webp,images/thumb/r1-776.webp,False
r1-777,777,1,Physical Knowledge,Mechanics,A heavy stone on a block of memory foam,0,0,WISE full R1 · 2026-09-19,0,0,0,0,0,legacy / no structured retrieval events,True,1,6,0,False,screened_no_match,1,1,True,images/view/r1-777.webp,images/thumb/r1-777.webp,False
r1-778,778,1,Physical Knowledge,Mechanics,A sealed glass jar in a vacuum chamber,0,1,WISE full R1 · 2026-09-19,0,0,0,0,0,legacy / no structured retrieval events,True,1,6,0,False,screened_no_match,1,1,True,images/view/r1-778.webp,images/thumb/r1-778.webp,False
r1-779,779,1,Physical Knowledge,Mechanics,An empty plastic bottle under 20 standard atmospheres,1,1,WISE full R1 · 2026-09-19,0,0,0,0,0,legacy / no structured retrieval events,True,1,9,0,False,screened_no_match,1,1,False,images/view/r1-779.webp,images/thumb/r1-779.webp,False
r1-780,780,1,Physical Knowledge,Mechanics,A small needle carefully placed on the surface of water,1,1,WISE full R1 · 2026-09-19,0,0,0,0,0,legacy / no structured retrieval events,True,1,6,0,False,screened_no_match,1,1,False,images/view/r1-780.webp,images/thumb/r1-780.webp,False
r1-781,781,1,Physical Knowledge,Mechanics,A water strider insect walking on a pond,1,1,WISE full R1 · 2026-09-19,0,0,0,0,0,legacy / no structured retrieval events,True,1,6,0,False,screened_no_match,1,1,False,images/view/r1-781.webp,images/thumb/r1-781.webp,False
r1-782,782,1,Physical Knowledge,Mechanics,A single water droplet clinging to a leaf,1,1,WISE full R1 · 2026-09-19,0,0,0,0,0,legacy / no structured retrieval events,True,1,6,0,False,screened_no_match,1,1,False,images/view/r1-782.webp,images/thumb/r1-782.webp,False
r1-783,783,1,Physical Knowledge,Thermodynamics,"Depict a glass of oil at a temperature of -20°C, highlighting oil's state",1,1,WISE full R1 · 2026-09-19,0,0,0,0,0,legacy / no structured retrieval events,True,1,9,0,False,screened_no_match,1,1,False,images/view/r1-783.webp,images/thumb/r1-783.webp,False
r1-784,784,1,Physical Knowledge,Thermodynamics,"Depict a glass of water at an arctic environment, highlighting water's state",0,0,WISE full R1 · 2026-09-19,0,0,0,0,0,legacy / no structured retrieval events,True,1,6,0,False,screened_no_match,1,1,True,images/view/r1-784.webp,images/thumb/r1-784.webp,False
r1-785,785,1,Physical Knowledge,Thermodynamics,"A container of mercury in a freezer, highlighting the state of the mercury",1,1,WISE full R1 · 2026-09-19,0,0,0,0,0,legacy / no structured retrieval events,True,1,6,0,False,screened_no_match,1,1,False,images/view/r1-785.webp,images/thumb/r1-785.webp,False
r1-786,786,1,Physical Knowledge,Thermodynamics,A pond at minus ten degrees Celsius,1,1,WISE full R1 · 2026-09-19,0,0,0,0,0,legacy / no structured retrieval events,True,1,6,0,False,screened_no_match,1,1,False,images/view/r1-786.webp,images/thumb/r1-786.webp,False
r1-787,787,1,Physical Knowledge,Thermodynamics,"Depict a glass of water at above one hundred degrees Celsius, highlighting water's state",1,1,WISE full R1 · 2026-09-19,0,0,0,0,0,legacy / no structured retrieval events,True,1,6,0,False,screened_no_match,1,1,False,images/view/r1-787.webp,images/thumb/r1-787.webp,False
r1-788,788,1,Physical Knowledge,Thermodynamics,A pot of salted water heated to 100 degrees Celsius,1,1,WISE full R1 · 2026-09-19,0,0,0,0,0,legacy / no structured retrieval events,True,1,6,0,False,screened_no_match,1,1,False,images/view/r1-788.webp,images/thumb/r1-788.webp,False
r1-789,789,1,Physical Knowledge,Thermodynamics,"The scene of a glass of ethanol at above seventy eight degrees Celsius, highlighting the state of the ethanol",1,1,WISE full R1 · 2026-09-19,0,0,0,0,0,legacy / no structured retrieval events,True,1,6,0,False,screened_no_match,1,1,False,images/view/r1-789.webp,images/thumb/r1-789.webp,False
r1-790,790,1,Physical Knowledge,Thermodynamics,"Depict a glass of oil at above 170 degrees Celsius, highlighting oil's state",1,1,WISE full R1 · 2026-09-19,0,0,0,0,0,legacy / no structured retrieval events,True,1,9,0,False,screened_no_match,1,1,False,images/view/r1-790.webp,images/thumb/r1-790.webp,False
r1-791,791,1,Physical Knowledge,Thermodynamics,A hot pan on a stove with water droplets on the surface,1,1,WISE full R1 · 2026-09-19,0,0,0,0,0,legacy / no structured retrieval events,True,1,9,0,False,screened_no_match,1,1,False,images/view/r1-791.webp,images/thumb/r1-791.webp,False
r1-792,792,1,Physical Knowledge,Thermodynamics,A cup of hot tea,1,1,WISE full R1 · 2026-09-19,0,0,0,0,0,legacy / no structured retrieval events,True,1,6,0,False,screened_no_match,1,1,False,images/view/r1-792.webp,images/thumb/r1-792.webp,False
r1-793,793,1,Physical Knowledge,Thermodynamics,"Depict a glass of ice cubes at above 40 degrees Celsius, highlighting the state of ice cubes",1,1,WISE full R1 · 2026-09-19,0,0,0,0,0,legacy / no structured retrieval events,True,1,6,0,False,screened_no_match,1,1,False,images/view/r1-793.webp,images/thumb/r1-793.webp,False
r1-794,794,1,Physical Knowledge,Thermodynamics,"Depict a glass of butter stick at 70 degrees Celsius, highlighting the butter stick's state",1,1,WISE full R1 · 2026-09-19,0,0,0,0,0,legacy / no structured retrieval events,True,1,6,0,False,screened_no_match,1,1,False,images/view/r1-794.webp,images/thumb/r1-794.webp,False
r1-795,795,1,Physical Knowledge,Thermodynamics,"A chocolate bar left in direct sunlight, highlighting the state of the chocolate",1,1,WISE full R1 · 2026-09-19,0,0,0,0,0,legacy / no structured retrieval events,True,1,6,0,False,screened_no_match,1,1,False,images/view/r1-795.webp,images/thumb/r1-795.webp,False
r1-796,796,1,Physical Knowledge,Thermodynamics,A popsicle on a sweltering summer day,1,1,WISE full R1 · 2026-09-19,0,0,0,0,0,legacy / no structured retrieval events,True,1,6,0,False,screened_no_match,1,1,False,images/view/r1-796.webp,images/thumb/r1-796.webp,False
r1-797,797,1,Physical Knowledge,Thermodynamics,A marshmallow halfway through heating in a microwave-safe bowl,1,1,WISE full R1 · 2026-09-19,0,0,0,0,0,legacy / no structured retrieval events,True,1,6,0,False,screened_no_match,1,1,False,images/view/r1-797.webp,images/thumb/r1-797.webp,False
r1-798,798,1,Physical Knowledge,Thermodynamics,"A steaming mug on a table with a silver spoon and a wooden stir stick resting in it, each handle tipped with a small dab of butter",0,0,WISE full R1 · 2026-09-19,0,0,0,0,0,legacy / no structured retrieval events,True,1,6,0,False,screened_no_match,1,1,True,images/view/r1-798.webp,images/thumb/r1-798.webp,False
r1-799,799,1,Physical Knowledge,Thermodynamics,"A cold soda can left outside on a humid day, highlighting the state of the can",1,1,WISE full R1 · 2026-09-19,0,0,0,0,0,legacy / no structured retrieval events,True,1,6,0,False,screened_no_match,1,1,False,images/view/r1-799.webp,images/thumb/r1-799.webp,False
r1-800,800,1,Physical Knowledge,Thermodynamics,"A pair of eyeglasses going from cold to warm, highlighting the state of the lenses",1,1,WISE full R1 · 2026-09-19,0,0,0,0,0,legacy / no structured retrieval events,True,1,6,0,False,screened_no_match,1,1,False,images/view/r1-800.webp,images/thumb/r1-800.webp,False
r1-801,801,1,Physical Knowledge,Thermodynamics,"A window in humid, room-temperature conditions, highlighting the state of the window surface",1,1,WISE full R1 · 2026-09-19,0,0,0,0,0,legacy / no structured retrieval events,True,1,6,0,False,screened_no_match,1,1,False,images/view/r1-801.webp,images/thumb/r1-801.webp,False
r1-802,802,1,Physical Knowledge,Thermodynamics,The bathroom mirror after a hot shower,1,1,WISE full R1 · 2026-09-19,0,0,0,0,0,legacy / no structured retrieval events,True,1,6,0,False,screened_no_match,1,1,False,images/view/r1-802.webp,images/thumb/r1-802.webp,False
r1-803,803,1,Physical Knowledge,Thermodynamics,The bathroom mirror after a cold shower,1,0,WISE full R1 · 2026-09-19,0,0,0,0,0,legacy / no structured retrieval events,True,1,6,0,False,screened_no_match,1,1,False,images/view/r1-803.webp,images/thumb/r1-803.webp,False
r1-804,804,1,Physical Knowledge,Thermodynamics,Freshly poured liquid nitrogen,0,1,WISE full R1 · 2026-09-19,0,0,0,0,0,legacy / no structured retrieval events,True,1,6,0,False,screened_no_match,1,1,True,images/view/r1-804.webp,images/thumb/r1-804.webp,False
r1-805,805,1,Physical Knowledge,Thermodynamics,"Dry ice in a glass of water, highlighting the state of the dry ice and the water",1,1,WISE full R1 · 2026-09-19,0,0,0,0,0,legacy / no structured retrieval events,True,1,6,0,False,screened_no_match,1,1,False,images/view/r1-805.webp,images/thumb/r1-805.webp,False
r1-806,806,1,Physical Knowledge,Thermodynamics,"A chunk of dry ice on a hot metal plate, highlighting the state of the dry ice",1,1,WISE full R1 · 2026-09-19,0,0,0,0,0,legacy / no structured retrieval events,True,1,9,0,False,screened_no_match,1,1,False,images/view/r1-806.webp,images/thumb/r1-806.webp,False
r1-807,807,1,Physical Knowledge,Thermodynamics,"water vapor contacting a chilled glass surface at -10°C, highlighting the surface of glass",1,1,WISE full R1 · 2026-09-19,0,0,0,0,0,legacy / no structured retrieval events,True,1,9,0,False,screened_no_match,1,1,False,images/view/r1-807.webp,images/thumb/r1-807.webp,False
r1-808,808,1,Physical Knowledge,Thermodynamics,"water vapor contacting a metal plate at -20°C, highlighting the surface of the metal plate",1,1,WISE full R1 · 2026-09-19,0,0,0,0,0,legacy / no structured retrieval events,True,1,9,0,False,screened_no_match,1,1,False,images/view/r1-808.webp,images/thumb/r1-808.webp,False
r1-809,809,1,Physical Knowledge,Thermodynamics,"A very cold storage container when humid air enters, highlighting the state of the inner surfaces",1,1,WISE full R1 · 2026-09-19,0,0,0,0,0,legacy / no structured retrieval events,True,1,6,0,False,screened_no_match,1,1,False,images/view/r1-809.webp,images/thumb/r1-809.webp,False
r1-810,810,1,Physical Knowledge,Optics,A clear glass of water with a portion of a pencil submerge,1,1,WISE full R1 · 2026-09-19,0,0,0,0,0,legacy / no structured retrieval events,True,1,6,0,False,screened_no_match,1,1,False,images/view/r1-810.webp,images/thumb/r1-810.webp,False
r1-811,811,1,Physical Knowledge,Optics,Depict a rainbow,1,1,WISE full R1 · 2026-09-19,0,0,0,0,0,legacy / no structured retrieval events,True,1,6,0,False,screened_no_match,1,1,False,images/view/r1-811.webp,images/thumb/r1-811.webp,False
r1-812,812,1,Physical Knowledge,Optics,Light dispersion from a glass prism,0,1,WISE full R1 · 2026-09-19,0,0,0,0,0,legacy / no structured retrieval events,True,1,6,0,False,screened_no_match,1,1,True,images/view/r1-812.webp,images/thumb/r1-812.webp,False
r1-813,813,1,Physical Knowledge,Optics,"A light source shining on an oil slick on a wet road, displaying a range of colors",1,1,WISE full R1 · 2026-09-19,0,0,0,0,0,legacy / no structured retrieval events,True,1,9,0,False,screened_no_match,1,1,False,images/view/r1-813.webp,images/thumb/r1-813.webp,False
r1-814,814,1,Physical Knowledge,Optics,Headlights of a car in heavy fog,1,1,WISE full R1 · 2026-09-19,0,0,0,0,0,legacy / no structured retrieval events,True,1,6,0,False,screened_no_match,1,1,False,images/view/r1-814.webp,images/thumb/r1-814.webp,False
r1-815,815,1,Physical Knowledge,Optics,A laser beam passing through a dusty room,1,1,WISE full R1 · 2026-09-19,0,0,0,0,0,legacy / no structured retrieval events,True,1,6,0,False,screened_no_match,1,1,False,images/view/r1-815.webp,images/thumb/r1-815.webp,False
r1-816,816,1,Physical Knowledge,Optics,"Sunlight entering a forest, scattering off the leaves and foliage",1,1,WISE full R1 · 2026-09-19,0,0,0,0,0,legacy / no structured retrieval events,True,1,6,0,False,screened_no_match,1,1,False,images/view/r1-816.webp,images/thumb/r1-816.webp,False
r1-817,817,1,Physical Knowledge,Optics,"A coin lying at the bottom of a clear glass bowl filled with water, viewed from above at a slight angle",0,1,WISE full R1 · 2026-09-19,0,0,0,0,0,legacy / no structured retrieval events,True,1,9,0,False,screened_no_match,1,1,True,images/view/r1-817.webp,images/thumb/r1-817.webp,False
r1-818,818,1,Physical Knowledge,Optics,A magnifying glass over a line of ants walking on the ground,1,1,WISE full R1 · 2026-09-19,0,0,0,0,0,legacy / no structured retrieval events,True,1,6,0,False,screened_no_match,1,1,False,images/view/r1-818.webp,images/thumb/r1-818.webp,False
r1-819,819,1,Physical Knowledge,Physical Properties,A cup of oil mixed with water after long time,1,1,WISE full R1 · 2026-09-19,0,0,0,0,0,legacy / no structured retrieval events,True,1,6,0,False,screened_no_match,1,1,False,images/view/r1-819.webp,images/thumb/r1-819.webp,False
r1-820,820,1,Physical Knowledge,Physical Properties,A glass containing water and hexane after settling,1,0,WISE full R1 · 2026-09-19,0,0,0,0,0,legacy / no structured retrieval events,True,1,6,0,False,screened_no_match,1,1,False,images/view/r1-820.webp,images/thumb/r1-820.webp,False
r1-821,821,1,Physical Knowledge,Physical Properties,A soda can opened after violently shaken,1,1,WISE full R1 · 2026-09-19,0,0,0,0,0,legacy / no structured retrieval events,True,1,6,0,False,screened_no_match,1,1,False,images/view/r1-821.webp,images/thumb/r1-821.webp,False
r1-822,822,1,Physical Knowledge,Physical Properties,A compass needle pointing north near a strong magnet,0,0,WISE full R1 · 2026-09-19,0,0,0,0,0,legacy / no structured retrieval events,True,1,9,0,False,screened_no_match,1,1,True,images/view/r1-822.webp,images/thumb/r1-822.webp,False
r1-823,823,1,Physical Knowledge,Physical Properties,A tuning fork vibrating inside a glass of water,1,1,WISE full R1 · 2026-09-19,0,0,0,0,0,legacy / no structured retrieval events,True,1,6,0,False,screened_no_match,1,1,False,images/view/r1-823.webp,images/thumb/r1-823.webp,False
r1-824,824,1,Physical Knowledge,Physical Properties,The bulb connected to the battery through copper wires,0,1,WISE full R1 · 2026-09-19,0,0,0,0,0,legacy / no structured retrieval events,True,1,6,0,False,screened_no_match,1,1,True,images/view/r1-824.webp,images/thumb/r1-824.webp,False
r1-825,825,1,Physical Knowledge,Physical Properties,The bulb connected to the battery through rubber wires,0,0,WISE full R1 · 2026-09-19,0,0,0,0,0,legacy / no structured retrieval events,True,1,6,0,False,screened_no_match,1,1,True,images/view/r1-825.webp,images/thumb/r1-825.webp,False
r1-826,826,1,Physical Knowledge,Physical Properties,A transparent beaker containing supersaturated sodium chloride,1,1,WISE full R1 · 2026-09-19,0,0,0,0,0,legacy / no structured retrieval events,True,1,9,0,False,screened_no_match,1,1,False,images/view/r1-826.webp,images/thumb/r1-826.webp,False
r1-827,827,1,Physical Knowledge,Physical Properties,Magnet near iron filings,1,1,WISE full R1 · 2026-09-19,0,0,0,0,0,legacy / no structured retrieval events,True,1,6,0,False,screened_no_match,1,1,False,images/view/r1-827.webp,images/thumb/r1-827.webp,False
r1-828,828,1,Physical Knowledge,Physical Properties,A rubber ball and a lump of modeling clay just after being dropped onto the same stone floor,0,1,WISE full R1 · 2026-09-19,0,0,0,0,0,legacy / no structured retrieval events,True,1,6,0,False,screened_no_match,1,1,True,images/view/r1-828.webp,images/thumb/r1-828.webp,False
r1-829,829,1,Physical Knowledge,Physical Properties,A piece of pumice placed in a clear bowl of water,1,1,WISE full R1 · 2026-09-19,0,0,0,0,0,legacy / no structured retrieval events,True,1,6,0,False,screened_no_match,1,1,False,images/view/r1-829.webp,images/thumb/r1-829.webp,False
r1-830,830,1,Physical Knowledge,Physical Properties,The balloon that has been rubbed comes into contact with long hair,1,1,WISE full R1 · 2026-09-19,0,0,0,0,0,legacy / no structured retrieval events,True,1,6,0,False,screened_no_match,1,1,False,images/view/r1-830.webp,images/thumb/r1-830.webp,False
r1-831,831,1,Physical Knowledge,Mechanics,A passenger in a car traveling at 60 km/h when the driver suddenly applies emergency brakes,0,1,WISE full R1 · 2026-09-19,0,0,0,0,0,legacy / no structured retrieval events,True,1,9,0,False,screened_no_match,1,1,True,images/view/r1-831.webp,images/thumb/r1-831.webp,False
r1-832,832,1,Physical Knowledge,Mechanics,"A playground swing with a child, captured at the instant of maximum chain angle",1,0,WISE full R1 · 2026-09-19,0,0,0,0,0,legacy / no structured retrieval events,True,1,6,0,False,screened_no_match,1,1,False,images/view/r1-832.webp,images/thumb/r1-832.webp,False
r1-833,833,1,Physical Knowledge,Mechanics,A table tennis ball held in mid-air by a vertical stream of air blown from a hair dryer pointed upward,0,0,WISE full R1 · 2026-09-19,0,0,0,0,0,legacy / no structured retrieval events,True,1,6,0,False,screened_no_match,1,1,True,images/view/r1-833.webp,images/thumb/r1-833.webp,False
r1-834,834,1,Physical Knowledge,Mechanics,A U-shaped tube with water poured into one side and left to settle,0,0,WISE full R1 · 2026-09-19,0,0,0,0,0,legacy / no structured retrieval events,True,1,6,0,False,screened_no_match,1,1,True,images/view/r1-834.webp,images/thumb/r1-834.webp,False
r1-835,835,1,Physical Knowledge,Mechanics,"A garden sprinkler nozzle angled at 45 degrees above horizontal, actively spraying water",0,1,WISE full R1 · 2026-09-19,0,0,0,0,0,legacy / no structured retrieval events,True,1,6,0,False,screened_no_match,1,1,True,images/view/r1-835.webp,images/thumb/r1-835.webp,False
r1-836,836,1,Physical Knowledge,Mechanics,A seesaw with a small child sitting at the far end and a heavy adult sitting close to the center pivot,0,0,WISE full R1 · 2026-09-19,0,0,0,0,0,legacy / no structured retrieval events,True,1,6,0,False,screened_no_match,1,1,True,images/view/r1-836.webp,images/thumb/r1-836.webp,False
r1-837,837,1,Physical Knowledge,Mechanics,A person lying on their back reading a newspaper while floating in the Dead Sea,1,1,WISE full R1 · 2026-09-19,0,0,0,0,0,legacy / no structured retrieval events,True,1,6,0,False,screened_no_match,1,1,False,images/view/r1-837.webp,images/thumb/r1-837.webp,False
r1-838,838,1,Physical Knowledge,Mechanics,A spinning gyroscope mounted on a tilted platform at 30 degrees from horizontal,0,0,WISE full R1 · 2026-09-19,0,0,0,0,0,legacy / no structured retrieval events,True,1,6,0,False,screened_no_match,1,1,True,images/view/r1-838.webp,images/thumb/r1-838.webp,False
r1-839,839,1,Physical Knowledge,Thermodynamics,"A section of old railway track with no expansion joints, photographed during an extreme summer heat wave",1,1,WISE full R1 · 2026-09-19,0,0,0,0,0,legacy / no structured retrieval events,True,1,6,0,False,screened_no_match,1,1,False,images/view/r1-839.webp,images/thumb/r1-839.webp,False
r1-840,840,1,Physical Knowledge,Thermodynamics,A bimetallic thermostat strip inside a household oven that has been set to 150°C and fully preheated,0,1,WISE full R1 · 2026-09-19,0,0,0,0,0,legacy / no structured retrieval events,True,1,6,0,False,screened_no_match,1,1,True,images/view/r1-840.webp,images/thumb/r1-840.webp,False
r1-841,841,1,Physical Knowledge,Thermodynamics,A latex balloon that was fully inflated at room temperature and then left overnight in a car parked outdoors in Minnesota in January,0,0,WISE full R1 · 2026-09-19,0,0,0,0,0,legacy / no structured retrieval events,True,1,9,0,False,screened_no_match,1,1,True,images/view/r1-841.webp,images/thumb/r1-841.webp,False
r1-842,842,1,Physical Knowledge,Optics,A concave spherical mirror with focal length 15 cm receiving parallel sunlight rays,1,1,WISE full R1 · 2026-09-19,0,0,0,0,0,legacy / no structured retrieval events,True,1,6,0,False,screened_no_match,1,1,False,images/view/r1-842.webp,images/thumb/r1-842.webp,False
r1-843,843,1,Physical Knowledge,Optics,The passenger-side rear-view mirror of a car reflecting a vehicle driving directly behind it,1,1,WISE full R1 · 2026-09-19,0,0,0,0,0,legacy / no structured retrieval events,True,1,6,0,False,screened_no_match,1,1,False,images/view/r1-843.webp,images/thumb/r1-843.webp,False
r1-844,844,1,Physical Knowledge,Optics,"The ground beneath a leafy tree on a sunny afternoon, showing the light patches filtering through small gaps in the foliage",0,0,WISE full R1 · 2026-09-19,0,0,0,0,0,legacy / no structured retrieval events,True,1,6,0,False,screened_no_match,1,1,True,images/view/r1-844.webp,images/thumb/r1-844.webp,False
r1-845,845,1,Physical Knowledge,Optics,"Two polarizing filters stacked together with their transmission axes rotated 90 degrees apart, held up to a bright window",1,1,WISE full R1 · 2026-09-19,0,0,0,0,0,legacy / no structured retrieval events,True,1,6,0,False,screened_no_match,1,1,False,images/view/r1-845.webp,images/thumb/r1-845.webp,False
r1-846,846,1,Physical Knowledge,Optics,"A glass of water with a straw inside, viewed from the side at table level",1,1,WISE full R1 · 2026-09-19,0,0,0,0,0,legacy / no structured retrieval events,True,1,6,0,False,screened_no_match,1,1,False,images/view/r1-846.webp,images/thumb/r1-846.webp,False
r1-847,847,1,Physical Knowledge,Optics,An inferior mirage on a desert highway on a cloudless summer afternoon,0,1,WISE full R1 · 2026-09-19,0,0,0,0,0,legacy / no structured retrieval events,True,1,6,0,False,screened_no_match,1,1,True,images/view/r1-847.webp,images/thumb/r1-847.webp,False
r1-848,848,1,Physical Knowledge,Optics,"A double rainbow seen from a field after a summer rainstorm, with the sun low behind the observer",1,1,WISE full R1 · 2026-09-19,0,0,0,0,0,legacy / no structured retrieval events,True,1,6,0,False,screened_no_match,1,1,False,images/view/r1-848.webp,images/thumb/r1-848.webp,False
r1-849,849,1,Physical Knowledge,Optics,A white T-shirt and a scorpion placed on a dark table under an ultraviolet lamp in a dark room,1,1,WISE full R1 · 2026-09-19,0,0,0,0,0,legacy / no structured retrieval events,True,1,9,0,False,screened_no_match,1,1,False,images/view/r1-849.webp,images/thumb/r1-849.webp,False
r1-850,850,1,Physical Knowledge,Optics,A soap bubble floating in air under white light illumination at room temperature,1,1,WISE full R1 · 2026-09-19,0,0,0,0,0,legacy / no structured retrieval events,True,1,6,0,False,screened_no_match,1,1,False,images/view/r1-850.webp,images/thumb/r1-850.webp,False
r1-851,851,1,Physical Knowledge,Optics,A compact disc (CD) held at an angle under a white LED desk lamp,1,1,WISE full R1 · 2026-09-19,0,0,0,0,0,legacy / no structured retrieval events,True,1,6,0,False,screened_no_match,1,1,False,images/view/r1-851.webp,images/thumb/r1-851.webp,False
r1-852,852,1,Physical Knowledge,Optics,A red apple placed under pure green LED stage lighting in a dark theater,1,1,WISE full R1 · 2026-09-19,0,0,0,0,0,legacy / no structured retrieval events,True,1,9,0,False,screened_no_match,1,1,False,images/view/r1-852.webp,images/thumb/r1-852.webp,False
r1-853,853,1,Physical Knowledge,Optics,"The sun at sunset observed from a beach, demonstrating Rayleigh scattering",1,1,WISE full R1 · 2026-09-19,0,0,0,0,0,legacy / no structured retrieval events,True,1,6,0,False,screened_no_match,1,1,False,images/view/r1-853.webp,images/thumb/r1-853.webp,False
r1-854,854,1,Physical Knowledge,Optics,A round brilliant-cut diamond on a jeweler's black velvet display pad under a single overhead halogen spotlight,1,1,WISE full R1 · 2026-09-19,0,0,0,0,0,legacy / no structured retrieval events,True,1,6,0,False,screened_no_match,1,1,False,images/view/r1-854.webp,images/thumb/r1-854.webp,False
r1-855,855,1,Physical Knowledge,Optics,"The front glass element of a professional camera lens with multi-layer anti-reflective coating, viewed at an angle under white office lighting",1,1,WISE full R1 · 2026-09-19,0,0,0,0,0,legacy / no structured retrieval events,True,1,9,0,False,screened_no_match,1,1,False,images/view/r1-855.webp,images/thumb/r1-855.webp,False
r1-856,856,1,Physical Knowledge,Optics,"A basketball held 5 cm in front of a single bare incandescent light bulb, casting a shadow on a white wall 2 meters behind it",0,1,WISE full R1 · 2026-09-19,0,0,0,0,0,legacy / no structured retrieval events,True,1,9,0,False,screened_no_match,1,1,True,images/view/r1-856.webp,images/thumb/r1-856.webp,False
r1-857,857,1,Physical Knowledge,Optics,A frosted glass bathroom door panel with a person standing directly behind it under bright indoor lighting,1,1,WISE full R1 · 2026-09-19,0,0,0,0,0,legacy / no structured retrieval events,True,1,6,0,False,screened_no_match,1,1,False,images/view/r1-857.webp,images/thumb/r1-857.webp,False
r1-858,858,1,Physical Knowledge,Optics,"A red laser beam directed at a single vertical slit of 0.1mm width, projected onto a white screen 2 meters away in a dark room",1,1,WISE full R1 · 2026-09-19,0,0,0,0,0,legacy / no structured retrieval events,True,1,6,0,False,screened_no_match,1,1,False,images/view/r1-858.webp,images/thumb/r1-858.webp,False
r1-859,859,1,Physical Knowledge,Optics,A person's face viewed in a concave makeup mirror from a distance closer than its focal length,1,1,WISE full R1 · 2026-09-19,0,0,0,0,0,legacy / no structured retrieval events,True,1,6,0,False,screened_no_match,1,1,False,images/view/r1-859.webp,images/thumb/r1-859.webp,False
r1-860,860,1,Physical Knowledge,Optics,"A white wall illuminated simultaneously by a red spotlight and a green spotlight, with their beams overlapping in the center",1,1,WISE full R1 · 2026-09-19,0,0,0,0,0,legacy / no structured retrieval events,True,1,6,0,False,screened_no_match,1,1,False,images/view/r1-860.webp,images/thumb/r1-860.webp,False
r1-861,861,1,Physical Knowledge,Optics,"A pencil placed diagonally in a glass of water, viewed from the side at eye level",1,1,WISE full R1 · 2026-09-19,0,0,0,0,0,legacy / no structured retrieval events,True,1,6,0,False,screened_no_match,1,1,False,images/view/r1-861.webp,images/thumb/r1-861.webp,False
r1-862,862,1,Physical Knowledge,Electromagnetism,"A small YBCO superconducting ceramic disk cooled in liquid nitrogen, placed above a neodymium permanent magnet",0,0,WISE full R1 · 2026-09-19,0,0,0,0,0,legacy / no structured retrieval events,True,1,6,0,False,screened_no_match,1,1,True,images/view/r1-862.webp,images/thumb/r1-862.webp,False
r1-863,863,1,Physical Knowledge,Thermodynamics,Liquid nitrogen poured onto a smooth laboratory floor at room temperature,1,1,WISE full R1 · 2026-09-19,0,0,0,0,0,legacy / no structured retrieval events,True,1,6,0,False,screened_no_match,1,1,False,images/view/r1-863.webp,images/thumb/r1-863.webp,False
r1-864,864,1,Physical Knowledge,Physical Properties,A piezoelectric quartz crystal being struck sharply with a small metal hammer in a dark room,1,1,WISE full R1 · 2026-09-19,0,0,0,0,0,legacy / no structured retrieval events,True,1,6,0,False,screened_no_match,1,1,False,images/view/r1-864.webp,images/thumb/r1-864.webp,False
r1-865,865,1,Physical Knowledge,Physical Properties,"Glow-in-the-dark star stickers on a child's bedroom ceiling, photographed 15 minutes after the room light has been switched off",1,1,WISE full R1 · 2026-09-19,0,0,0,0,0,legacy / no structured retrieval events,True,1,6,0,False,screened_no_match,1,1,False,images/view/r1-865.webp,images/thumb/r1-865.webp,False
r1-866,866,1,Physical Knowledge,Physical Properties,Iron filings scattered on a sheet of white paper placed flat over a bar magnet,1,1,WISE full R1 · 2026-09-19,0,0,0,0,0,legacy / no structured retrieval events,True,1,6,0,False,screened_no_match,1,1,False,images/view/r1-866.webp,images/thumb/r1-866.webp,False
r1-867,867,1,Physical Knowledge,Physical Properties,A person wearing Transitions photochromic eyeglasses while driving a car on a bright sunny day,1,1,WISE full R1 · 2026-09-19,0,0,0,0,0,legacy / no structured retrieval events,True,1,9,0,False,screened_no_match,1,1,False,images/view/r1-867.webp,images/thumb/r1-867.webp,False
r1-868,868,1,Physical Knowledge,Physical Properties,A person pressing their bare hand flat against a cold mirror for 5 seconds and then quickly removing it,0,0,WISE full R1 · 2026-09-19,0,0,0,0,0,legacy / no structured retrieval events,True,1,6,0,False,screened_no_match,1,1,True,images/view/r1-868.webp,images/thumb/r1-868.webp,False
r1-869,869,1,Physical Knowledge,Physical Properties,"A Nitinol wire previously trained into a tight helical coil, manually straightened, and now held in a cup of 80°C hot water",0,1,WISE full R1 · 2026-09-19,0,0,0,0,0,legacy / no structured retrieval events,True,1,9,0,False,screened_no_match,1,1,True,images/view/r1-869.webp,images/thumb/r1-869.webp,False
r1-870,870,1,Physical Knowledge,Physical Properties,"The LCD instrument cluster of a car that has been parked outside at -25°C for several hours, photographed at the moment the ignition is turned on",1,1,WISE full R1 · 2026-09-19,0,0,0,0,0,legacy / no structured retrieval events,True,1,9,0,False,screened_no_match,1,1,False,images/view/r1-870.webp,images/thumb/r1-870.webp,False
r1-871,871,1,Physical Knowledge,Physical Properties,"A wet towel hung on an outdoor clothesline after being soaked in water, left outside at -15°C for 30 minutes",0,1,WISE full R1 · 2026-09-19,0,0,0,0,0,legacy / no structured retrieval events,True,1,6,0,False,screened_no_match,1,1,True,images/view/r1-871.webp,images/thumb/r1-871.webp,False
r1-872,872,1,Physical Knowledge,Physical Properties,"A nickel strip at 400°C on a ceramic plate, with a pile of iron filings placed next to it",1,1,WISE full R1 · 2026-09-19,0,0,0,0,0,legacy / no structured retrieval events,True,1,6,0,False,screened_no_match,1,1,False,images/view/r1-872.webp,images/thumb/r1-872.webp,False
r1-873,873,1,Physical Knowledge,Physical Properties,A gas kitchen stove burner at the moment the ignition button is pressed,0,1,WISE full R1 · 2026-09-19,0,0,0,0,0,legacy / no structured retrieval events,True,1,6,0,False,screened_no_match,1,1,True,images/view/r1-873.webp,images/thumb/r1-873.webp,False
r1-874,874,1,Physical Knowledge,Physical Properties,A duck emerging from a pond after brief submersion,0,0,WISE full R1 · 2026-09-19,0,0,0,0,0,legacy / no structured retrieval events,True,1,6,0,False,screened_no_match,1,1,True,images/view/r1-874.webp,images/thumb/r1-874.webp,False
r1-875,875,1,Physical Knowledge,Physical Properties,"A blowtorch flame applied directly to the underside of a thin aerogel insulation tile, with a person's bare finger resting on the top surface",1,1,WISE full R1 · 2026-09-19,0,0,0,0,0,legacy / no structured retrieval events,True,1,9,0,False,screened_no_match,1,1,False,images/view/r1-875.webp,images/thumb/r1-875.webp,False
r1-876,876,1,Physical Knowledge,Physical Properties,Bismuth crystals grown from slowly cooling molten bismuth in a laboratory crucible,1,1,WISE full R1 · 2026-09-19,0,0,0,0,0,legacy / no structured retrieval events,True,1,9,0,False,screened_no_match,1,1,False,images/view/r1-876.webp,images/thumb/r1-876.webp,False
r1-877,877,1,Physical Knowledge,Physical Properties,A plasma globe (plasma ball) toy with a person's finger touching the outer glass surface,1,1,WISE full R1 · 2026-09-19,0,0,0,0,0,legacy / no structured retrieval events,True,1,9,0,False,screened_no_match,1,1,False,images/view/r1-877.webp,images/thumb/r1-877.webp,False
r1-878,878,1,Physical Knowledge,Physical Properties,A Wint-O-Green Lifesaver mint candy being crushed between pliers in a completely dark room,1,1,WISE full R1 · 2026-09-19,0,0,0,0,0,legacy / no structured retrieval events,True,1,9,0,False,screened_no_match,1,1,False,images/view/r1-878.webp,images/thumb/r1-878.webp,False
r1-879,879,1,Physical Knowledge,Physical Properties,A small square of pyrolytic graphite suspended above two neodymium magnets with their north poles facing upward side by side,0,1,WISE full R1 · 2026-09-19,0,0,0,0,0,legacy / no structured retrieval events,True,1,6,0,False,screened_no_match,1,1,True,images/view/r1-879.webp,images/thumb/r1-879.webp,False
r1-880,880,1,Physical Knowledge,Physical Properties,A 20 cm glass tube filled with concentrated sucrose solution placed between two crossed polarizing filters on a light table,0,1,WISE full R1 · 2026-09-19,0,0,0,0,0,legacy / no structured retrieval events,True,1,6,0,False,screened_no_match,1,1,True,images/view/r1-880.webp,images/thumb/r1-880.webp,False
r1-881,881,1,Chemistry,Combustion,A candle in space,0,0,WISE full R1 · 2026-09-19,0,0,0,0,0,legacy / no structured retrieval events,True,1,6,0,False,screened_no_match,1,1,True,images/view/r1-881.webp,images/thumb/r1-881.webp,False
r1-882,882,1,Chemistry,Combustion,"Within a sealed glass container of carbon dioxide, a burning candle has been left to stand for a while",0,0,WISE full R1 · 2026-09-19,0,0,0,0,0,legacy / no structured retrieval events,True,1,6,0,False,screened_no_match,1,1,True,images/view/r1-882.webp,images/thumb/r1-882.webp,False
r1-883,883,1,Chemistry,Combustion,A sealed glass jar filled with carbon dioxide contains a burning magnesium rod,0,1,WISE full R1 · 2026-09-19,0,0,0,0,0,legacy / no structured retrieval events,True,1,6,0,False,screened_no_match,1,1,True,images/view/r1-883.webp,images/thumb/r1-883.webp,False
r1-884,884,1,Chemistry,Combustion,A sealed glass jar filled with oxygen contains a burning iron wire,1,1,WISE full R1 · 2026-09-19,0,0,0,0,0,legacy / no structured retrieval events,True,1,6,0,False,screened_no_match,1,1,False,images/view/r1-884.webp,images/thumb/r1-884.webp,False
r1-885,885,1,Chemistry,Combustion,A yellow brittle solid burning in a deflagrating spoon inside a jar of oxygen,0,1,WISE full R1 · 2026-09-19,0,0,0,0,0,legacy / no structured retrieval events,True,1,6,0,False,screened_no_match,1,1,True,images/view/r1-885.webp,images/thumb/r1-885.webp,False
r1-886,886,1,Chemistry,Combustion,A piece of phosphorus burning inside a sealed jar with fluorine gas,1,1,WISE full R1 · 2026-09-19,0,0,0,0,0,legacy / no structured retrieval events,True,1,9,0,False,screened_no_match,1,1,False,images/view/r1-886.webp,images/thumb/r1-886.webp,False
r1-887,887,1,Chemistry,Combustion,A sodium metal burning inside of a jar of chlorine gas,1,1,WISE full R1 · 2026-09-19,0,0,0,0,0,legacy / no structured retrieval events,True,1,6,0,False,screened_no_match,1,1,False,images/view/r1-887.webp,images/thumb/r1-887.webp,False
r1-888,888,1,Chemistry,Combustion,"The sodium is burning, highlighting the color",1,1,WISE full R1 · 2026-09-19,0,0,0,0,0,legacy / no structured retrieval events,True,1,6,0,False,screened_no_match,1,1,False,images/view/r1-888.webp,images/thumb/r1-888.webp,False
r1-889,889,1,Chemistry,Combustion,"The copper is burning, highlighting the color",1,1,WISE full R1 · 2026-09-19,0,0,0,0,0,legacy / no structured retrieval events,True,1,6,0,False,screened_no_match,1,1,False,images/view/r1-889.webp,images/thumb/r1-889.webp,False
r1-890,890,1,Chemistry,Combustion,"The potassium is burning, highlighting the color",1,1,WISE full R1 · 2026-09-19,0,0,0,0,0,legacy / no structured retrieval events,True,1,6,0,False,screened_no_match,1,1,False,images/view/r1-890.webp,images/thumb/r1-890.webp,False
r1-891,891,1,Chemistry,Combustion,"The lithium is burning, highlighting the color",1,1,WISE full R1 · 2026-09-19,0,0,0,0,0,legacy / no structured retrieval events,True,1,6,0,False,screened_no_match,1,1,False,images/view/r1-891.webp,images/thumb/r1-891.webp,False
r1-892,892,1,Chemistry,Combustion,"The calcium is burning, highlighting the color",1,1,WISE full R1 · 2026-09-19,0,0,0,0,0,legacy / no structured retrieval events,True,1,6,0,False,screened_no_match,1,1,False,images/view/r1-892.webp,images/thumb/r1-892.webp,False
r1-893,893,1,Chemistry,Combustion,"The barium is burning, highlighting the color",1,1,WISE full R1 · 2026-09-19,0,0,0,0,0,legacy / no structured retrieval events,True,1,6,0,False,screened_no_match,1,1,False,images/view/r1-893.webp,images/thumb/r1-893.webp,False
r1-894,894,1,Chemistry,Combustion,"The strontium is burning, highlighting the color",1,1,WISE full R1 · 2026-09-19,0,0,0,0,0,legacy / no structured retrieval events,True,1,6,0,False,screened_no_match,1,1,False,images/view/r1-894.webp,images/thumb/r1-894.webp,False
r1-895,895,1,Chemistry,Combustion,"The cesium is burning, highlighting the color",1,1,WISE full R1 · 2026-09-19,0,0,0,0,0,legacy / no structured retrieval events,True,1,9,0,False,screened_no_match,1,1,False,images/view/r1-895.webp,images/thumb/r1-895.webp,False
r1-896,896,1,Chemistry,Combustion,"The magnesium is burning, highlighting the color",1,1,WISE full R1 · 2026-09-19,0,0,0,0,0,legacy / no structured retrieval events,True,1,6,0,False,screened_no_match,1,1,False,images/view/r1-896.webp,images/thumb/r1-896.webp,False
r1-897,897,1,Chemistry,Combustion,"The boron is burning, highlighting the color",1,1,WISE full R1 · 2026-09-19,0,0,0,0,0,legacy / no structured retrieval events,True,1,6,0,False,screened_no_match,1,1,False,images/view/r1-897.webp,images/thumb/r1-897.webp,False
r1-898,898,1,Chemistry,Metal Corrosion,An iron tool left outdoors through many rainy seasons,1,1,WISE full R1 · 2026-09-19,0,0,0,0,0,legacy / no structured retrieval events,True,1,6,0,False,screened_no_match,1,1,False,images/view/r1-898.webp,images/thumb/r1-898.webp,False
r1-899,899,1,Chemistry,Metal Corrosion,An old copper downspout exposed to air and rain for years,1,1,WISE full R1 · 2026-09-19,0,0,0,0,0,legacy / no structured retrieval events,True,1,6,0,False,screened_no_match,1,1,False,images/view/r1-899.webp,images/thumb/r1-899.webp,False
r1-900,900,1,Chemistry,Metal Corrosion,A spool of copper wire left in moist air for a very long time,1,1,WISE full R1 · 2026-09-19,0,0,0,0,0,legacy / no structured retrieval events,True,1,6,0,False,screened_no_match,1,1,False,images/view/r1-900.webp,images/thumb/r1-900.webp,False
r1-901,901,1,Chemistry,Metal Corrosion,An aluminum panel weathered outdoors for years,1,1,WISE full R1 · 2026-09-19,0,0,0,0,0,legacy / no structured retrieval events,True,1,6,0,False,screened_no_match,1,1,False,images/view/r1-901.webp,images/thumb/r1-901.webp,False
r1-902,902,1,Chemistry,Metal Corrosion,Historic lead roof flashing after long weather exposure,0,1,WISE full R1 · 2026-09-19,0,0,0,0,0,legacy / no structured retrieval events,True,1,9,0,False,screened_no_match,1,1,True,images/view/r1-902.webp,images/thumb/r1-902.webp,False
r1-903,903,1,Chemistry,Metal Corrosion,"A galvanized steel bucket kept damp in storage, showing the first corrosion products",1,1,WISE full R1 · 2026-09-19,0,0,0,0,0,legacy / no structured retrieval events,True,1,6,0,False,screened_no_match,1,1,False,images/view/r1-903.webp,images/thumb/r1-903.webp,False
r1-904,904,1,Chemistry,Metal Corrosion,Silver cutlery stored for years in air containing sulfur compounds,1,1,WISE full R1 · 2026-09-19,0,0,0,0,0,legacy / no structured retrieval events,True,1,6,0,False,screened_no_match,1,1,False,images/view/r1-904.webp,images/thumb/r1-904.webp,False
r1-905,905,1,Chemistry,Metal Corrosion,A gold ornament left in ordinary air for decades,1,1,WISE full R1 · 2026-09-19,0,0,0,0,0,legacy / no structured retrieval events,True,1,6,0,False,screened_no_match,1,1,False,images/view/r1-905.webp,images/thumb/r1-905.webp,False
r1-906,906,1,Chemistry,Solution Chemical Reaction,A Gold block submerged in hydrochloric acid,0,0,WISE full R1 · 2026-09-19,0,0,0,0,0,legacy / no structured retrieval events,True,1,6,0,False,screened_no_match,1,1,True,images/view/r1-906.webp,images/thumb/r1-906.webp,False
r1-907,907,1,Chemistry,Solution Chemical Reaction,An iron nail submerged in hydrochloric acid,1,1,WISE full R1 · 2026-09-19,0,0,0,0,0,legacy / no structured retrieval events,True,1,6,0,False,screened_no_match,1,1,False,images/view/r1-907.webp,images/thumb/r1-907.webp,False
r1-908,908,1,Chemistry,Solution Chemical Reaction,A piece of copper in nitric acid,1,1,WISE full R1 · 2026-09-19,0,0,0,0,0,legacy / no structured retrieval events,True,1,6,0,False,screened_no_match,1,1,False,images/view/r1-908.webp,images/thumb/r1-908.webp,False
r1-909,909,1,Chemistry,Solution Chemical Reaction,A strip of zinc in sulfuric acid,1,1,WISE full R1 · 2026-09-19,0,0,0,0,0,legacy / no structured retrieval events,True,1,6,0,False,screened_no_match,1,1,False,images/view/r1-909.webp,images/thumb/r1-909.webp,False
r1-910,910,1,Chemistry,Solution Chemical Reaction,A sample of aluminum in hydrochloric acid,1,1,WISE full R1 · 2026-09-19,0,0,0,0,0,legacy / no structured retrieval events,True,1,6,0,False,screened_no_match,1,1,False,images/view/r1-910.webp,images/thumb/r1-910.webp,False
r1-911,911,1,Chemistry,Solution Chemical Reaction,A piece of magnesium in a solution of hydrochloric acid,1,1,WISE full R1 · 2026-09-19,0,0,0,0,0,legacy / no structured retrieval events,True,1,6,0,False,screened_no_match,1,1,False,images/view/r1-911.webp,images/thumb/r1-911.webp,False
r1-912,912,1,Chemistry,Solution Chemical Reaction,A platinum wire submerged in hydrochloric acid,0,0,WISE full R1 · 2026-09-19,0,0,0,0,0,legacy / no structured retrieval events,True,1,6,0,False,screened_no_match,1,1,True,images/view/r1-912.webp,images/thumb/r1-912.webp,False
r1-913,913,1,Chemistry,Solution Chemical Reaction,A piece of tin in dilute sulfuric acid,0,1,WISE full R1 · 2026-09-19,0,0,0,0,0,legacy / no structured retrieval events,True,1,6,0,False,screened_no_match,1,1,True,images/view/r1-913.webp,images/thumb/r1-913.webp,False
r1-914,914,1,Chemistry,Solution Chemical Reaction,A piece of nickel being placed in hydrochloric acid,1,1,WISE full R1 · 2026-09-19,0,0,0,0,0,legacy / no structured retrieval events,True,1,6,0,False,screened_no_match,1,1,False,images/view/r1-914.webp,images/thumb/r1-914.webp,False
r1-915,915,1,Chemistry,Solution Chemical Reaction,A large amount of carbon dioxide is bubbled through clear limewater solution,1,1,WISE full R1 · 2026-09-19,0,0,0,0,0,legacy / no structured retrieval events,True,1,6,0,False,screened_no_match,1,1,False,images/view/r1-915.webp,images/thumb/r1-915.webp,False
r1-916,916,1,Chemistry,Solution Chemical Reaction,"A copper sulfate solution and an iron rod in it, the state of the solution and the iron rod should be highlighted",1,1,WISE full R1 · 2026-09-19,0,0,0,0,0,legacy / no structured retrieval events,True,1,6,0,False,screened_no_match,1,1,False,images/view/r1-916.webp,images/thumb/r1-916.webp,False
r1-917,917,1,Chemistry,Solution Chemical Reaction,"A silver nitrate solution and a zinc bar in it, the state of the solution and the zinc bar should be highlighted",0,1,WISE full R1 · 2026-09-19,0,0,0,0,0,legacy / no structured retrieval events,True,1,6,0,False,screened_no_match,1,1,True,images/view/r1-917.webp,images/thumb/r1-917.webp,False
r1-918,918,1,Chemistry,Solution Chemical Reaction,"A lead strip in a copper nitrate solution, highlighting the state of the solution and the lead strip",1,1,WISE full R1 · 2026-09-19,0,0,0,0,0,legacy / no structured retrieval events,True,1,6,0,False,screened_no_match,1,1,False,images/view/r1-918.webp,images/thumb/r1-918.webp,False
r1-919,919,1,Chemistry,Solution Chemical Reaction,"A piece of silver in a solution of copper nitrate, highlighting the state of the solution and the piece of silver",0,0,WISE full R1 · 2026-09-19,0,0,0,0,0,legacy / no structured retrieval events,True,1,9,0,False,screened_no_match,1,1,True,images/view/r1-919.webp,images/thumb/r1-919.webp,False
r1-920,920,1,Chemistry,Solution Chemical Reaction,"A strip of copper in a solution of aluminum sulfate, highlighting the state of the solution and the copper strip",0,0,WISE full R1 · 2026-09-19,0,0,0,0,0,legacy / no structured retrieval events,True,1,6,0,False,screened_no_match,1,1,True,images/view/r1-920.webp,images/thumb/r1-920.webp,False
r1-921,921,1,Chemistry,Solution Chemical Reaction,"A magnesium strip immersed in a solution of copper chloride, highlighting the state of the solution and the magnesium strip",0,1,WISE full R1 · 2026-09-19,0,0,0,0,0,legacy / no structured retrieval events,True,1,6,0,False,screened_no_match,1,1,True,images/view/r1-921.webp,images/thumb/r1-921.webp,False
r1-922,922,1,Chemistry,Solution Chemical Reaction,"A piece of iron wire immersed in a nickel sulfate solution, highlighting the state of the solution and the iron wire",1,0,WISE full R1 · 2026-09-19,0,0,0,0,0,legacy / no structured retrieval events,True,1,9,0,False,screened_no_match,1,1,False,images/view/r1-922.webp,images/thumb/r1-922.webp,False
r1-923,923,1,Chemistry,Solution Chemical Reaction,"A strip of tin placed in a silver nitrate solution, highlighting the state of the solution and the tin strip",1,1,WISE full R1 · 2026-09-19,0,0,0,0,0,legacy / no structured retrieval events,True,1,6,0,False,screened_no_match,1,1,False,images/view/r1-923.webp,images/thumb/r1-923.webp,False
r1-924,924,1,Chemistry,Solution Chemical Reaction,"A nickel bar immersed in a copper chloride solution, highlighting the state of the solution and the nickel bar",1,1,WISE full R1 · 2026-09-19,0,0,0,0,0,legacy / no structured retrieval events,True,1,6,0,False,screened_no_match,1,1,False,images/view/r1-924.webp,images/thumb/r1-924.webp,False
r1-925,925,1,Chemistry,Solution Chemical Reaction,A small piece of sodium metal added to water,1,1,WISE full R1 · 2026-09-19,0,0,0,0,0,legacy / no structured retrieval events,True,1,6,0,False,screened_no_match,1,1,False,images/view/r1-925.webp,images/thumb/r1-925.webp,False
r1-926,926,1,Chemistry,Solution Chemical Reaction,A solution of potassium iodide being mixed with lead nitrate,1,1,WISE full R1 · 2026-09-19,0,0,0,0,0,legacy / no structured retrieval events,True,1,6,0,False,screened_no_match,1,1,False,images/view/r1-926.webp,images/thumb/r1-926.webp,False
r1-927,927,1,Chemistry,Solution Chemical Reaction,Hydrogen sulfide gas is bubbled through a copper sulfate solution,1,1,WISE full R1 · 2026-09-19,0,0,0,0,0,legacy / no structured retrieval events,True,1,6,0,False,screened_no_match,1,1,False,images/view/r1-927.webp,images/thumb/r1-927.webp,False
r1-928,928,1,Chemistry,Solution Chemical Reaction,Hydrogen sulfide gas is bubbled through a solution of concentrated sulfuric acid,1,1,WISE full R1 · 2026-09-19,0,0,0,0,0,legacy / no structured retrieval events,True,1,6,0,False,screened_no_match,1,1,False,images/view/r1-928.webp,images/thumb/r1-928.webp,False
r1-929,929,1,Chemistry,Solution Chemical Reaction,The process of electrolysis of molten sodium chloride,1,0,WISE full R1 · 2026-09-19,0,0,0,0,0,legacy / no structured retrieval events,True,1,9,0,False,screened_no_match,1,1,False,images/view/r1-929.webp,images/thumb/r1-929.webp,False
r1-930,930,1,Chemistry,Solution Chemical Reaction,Table vinegar after a few drops of litmus indicator have been stirred in,1,1,WISE full R1 · 2026-09-19,0,0,0,0,0,legacy / no structured retrieval events,True,1,6,0,False,screened_no_match,1,1,False,images/view/r1-930.webp,images/thumb/r1-930.webp,False
r1-931,931,1,Chemistry,Solution Chemical Reaction,A baking-soda solution after litmus indicator has been stirred in,1,1,WISE full R1 · 2026-09-19,0,0,0,0,0,legacy / no structured retrieval events,True,1,6,0,False,screened_no_match,1,1,False,images/view/r1-931.webp,images/thumb/r1-931.webp,False
r1-932,932,1,Chemistry,Solution Chemical Reaction,Fresh milk after litmus indicator has been mixed into it,1,1,WISE full R1 · 2026-09-19,0,0,0,0,0,legacy / no structured retrieval events,True,1,6,0,False,screened_no_match,1,1,False,images/view/r1-932.webp,images/thumb/r1-932.webp,False
r1-933,933,1,Chemistry,Solution Chemical Reaction,Lemon juice after litmus indicator has been added and the color has stabilized,1,1,WISE full R1 · 2026-09-19,0,0,0,0,0,legacy / no structured retrieval events,True,1,6,0,False,screened_no_match,1,1,False,images/view/r1-933.webp,images/thumb/r1-933.webp,False
r1-934,934,1,Chemistry,Solution Chemical Reaction,Aqueous ammonia after litmus indicator has been mixed in,0,0,WISE full R1 · 2026-09-19,0,0,0,0,0,legacy / no structured retrieval events,True,1,9,0,False,screened_no_match,1,1,True,images/view/r1-934.webp,images/thumb/r1-934.webp,False
r1-935,935,1,Chemistry,Solution Chemical Reaction,Hydrochloric acid after phenolphthalein has been added,1,1,WISE full R1 · 2026-09-19,0,0,0,0,0,legacy / no structured retrieval events,True,1,6,0,False,screened_no_match,1,1,False,images/view/r1-935.webp,images/thumb/r1-935.webp,False
r1-936,936,1,Chemistry,Solution Chemical Reaction,A sodium hydroxide solution after phenolphthalein has been added,1,1,WISE full R1 · 2026-09-19,0,0,0,0,0,legacy / no structured retrieval events,True,1,6,0,False,screened_no_match,1,1,False,images/view/r1-936.webp,images/thumb/r1-936.webp,False
r1-937,937,1,Chemistry,Solution Chemical Reaction,Purple cabbage indicator stirred into table vinegar,1,1,WISE full R1 · 2026-09-19,0,0,0,0,0,legacy / no structured retrieval events,True,1,6,0,False,screened_no_match,1,1,False,images/view/r1-937.webp,images/thumb/r1-937.webp,False
r1-938,938,1,Chemistry,Solution Chemical Reaction,Baking-soda solution just after vinegar is poured into it,1,1,WISE full R1 · 2026-09-19,0,0,0,0,0,legacy / no structured retrieval events,True,1,6,0,False,screened_no_match,1,1,False,images/view/r1-938.webp,images/thumb/r1-938.webp,False
r1-939,939,1,Chemistry,Solution Chemical Reaction,A marble chip just after hydrochloric acid is dropped onto it,0,0,WISE full R1 · 2026-09-19,0,0,0,0,0,legacy / no structured retrieval events,True,1,6,0,False,screened_no_match,1,1,True,images/view/r1-939.webp,images/thumb/r1-939.webp,False
r1-940,940,1,Chemistry,Solution Chemical Reaction,Excess hydrochloric acid is added to a cloudy limewater solution,0,0,WISE full R1 · 2026-09-19,0,0,0,0,0,legacy / no structured retrieval events,True,1,6,0,False,screened_no_match,1,1,True,images/view/r1-940.webp,images/thumb/r1-940.webp,False
r1-941,941,1,Chemistry,Solution Chemical Reaction,A blue copper sulfate solution just after sodium hydroxide is poured in,1,1,WISE full R1 · 2026-09-19,0,0,0,0,0,legacy / no structured retrieval events,True,1,6,0,False,screened_no_match,1,1,False,images/view/r1-941.webp,images/thumb/r1-941.webp,False
r1-942,942,1,Chemistry,Solution Chemical Reaction,A sulfate solution just after barium chloride is poured in,1,1,WISE full R1 · 2026-09-19,0,0,0,0,0,legacy / no structured retrieval events,True,1,9,0,False,screened_no_match,1,1,False,images/view/r1-942.webp,images/thumb/r1-942.webp,False
r1-943,943,1,Chemistry,Solution Chemical Reaction,Silver nitrate solution mixed with potassium chromate in a test tube,1,1,WISE full R1 · 2026-09-19,0,0,0,0,0,legacy / no structured retrieval events,True,1,6,0,False,screened_no_match,1,1,False,images/view/r1-943.webp,images/thumb/r1-943.webp,False
r1-944,944,1,Chemistry,Solution Chemical Reaction,Silver nitrate solution just after sodium chloride is poured in,1,1,WISE full R1 · 2026-09-19,0,0,0,0,0,legacy / no structured retrieval events,True,1,6,0,False,screened_no_match,1,1,False,images/view/r1-944.webp,images/thumb/r1-944.webp,False
r1-945,945,1,Chemistry,Solution Chemical Reaction,Sulfuric acid stained the T-shirt,1,1,WISE full R1 · 2026-09-19,0,0,0,0,0,legacy / no structured retrieval events,True,1,6,0,False,screened_no_match,1,1,False,images/view/r1-945.webp,images/thumb/r1-945.webp,False
r1-946,946,1,Chemistry,Chemical Properties,A laser beam slicing through a glass of colloid,1,1,WISE full R1 · 2026-09-19,0,0,0,0,0,legacy / no structured retrieval events,True,1,6,0,False,screened_no_match,1,1,False,images/view/r1-946.webp,images/thumb/r1-946.webp,False
r1-947,947,1,Chemistry,Chemical Properties,"The simplest alkane molecule, with one central carbon bonded tetrahedrally to four hydrogens",1,1,WISE full R1 · 2026-09-19,0,0,0,0,0,legacy / no structured retrieval events,True,1,3,0,False,screened_no_match,1,1,False,images/view/r1-947.webp,images/thumb/r1-947.webp,False
r1-948,948,1,Chemistry,Chemical Properties,The soft carbon allotrope that leaves a dark streak when drawn across paper,1,1,WISE full R1 · 2026-09-19,0,0,0,0,0,legacy / no structured retrieval events,True,1,3,0,False,screened_no_match,1,1,False,images/view/r1-948.webp,images/thumb/r1-948.webp,False
r1-949,949,1,Chemistry,Chemical Properties,The transparent carbon allotrope that can scratch glass while remaining optically clear,1,1,WISE full R1 · 2026-09-19,0,0,0,0,0,legacy / no structured retrieval events,True,1,6,0,False,screened_no_match,1,1,False,images/view/r1-949.webp,images/thumb/r1-949.webp,False
r1-950,950,1,Chemistry,Chemical Properties,A protein solution after enough ammonium sulfate has been added to strip away its hydration shell,1,1,WISE full R1 · 2026-09-19,0,0,0,0,0,legacy / no structured retrieval events,True,1,6,0,False,screened_no_match,1,1,False,images/view/r1-950.webp,images/thumb/r1-950.webp,False
r1-951,951,1,Chemistry,Chemical Properties,Table sugar before any heating begins,1,1,WISE full R1 · 2026-09-19,0,0,0,0,0,legacy / no structured retrieval events,True,1,6,0,False,screened_no_match,1,1,False,images/view/r1-951.webp,images/thumb/r1-951.webp,False
r1-952,952,1,Chemistry,Chemical Properties,Sugar left on heat long after caramelization has begun,1,1,WISE full R1 · 2026-09-19,0,0,0,0,0,legacy / no structured retrieval events,True,1,6,0,False,screened_no_match,1,1,False,images/view/r1-952.webp,images/thumb/r1-952.webp,False
r1-953,953,1,Chemistry,Chemical Properties,A strip of moisture-indicator paper held over rising steam,1,1,WISE full R1 · 2026-09-19,0,0,0,0,0,legacy / no structured retrieval events,True,1,9,0,False,screened_no_match,1,1,False,images/view/r1-953.webp,images/thumb/r1-953.webp,False
r1-954,954,1,Chemistry,Chemical Properties,A white water-detection powder on a porcelain dish just after several drops of water land on it,1,1,WISE full R1 · 2026-09-19,0,0,0,0,0,legacy / no structured retrieval events,True,1,6,0,False,screened_no_match,1,1,False,images/view/r1-954.webp,images/thumb/r1-954.webp,False
r1-955,955,1,Chemistry,Chemical Properties,A hydrated copper salt after it has fully dissolved in water,1,1,WISE full R1 · 2026-09-19,0,0,0,0,0,legacy / no structured retrieval events,True,1,6,0,False,screened_no_match,1,1,False,images/view/r1-955.webp,images/thumb/r1-955.webp,False
r1-956,956,1,Chemistry,Chemical Properties,A silver salt solution kept protected from light,0,0,WISE full R1 · 2026-09-19,0,0,0,0,0,legacy / no structured retrieval events,True,1,6,0,False,screened_no_match,1,1,True,images/view/r1-956.webp,images/thumb/r1-956.webp,False
r1-957,957,1,Chemistry,Chemical Properties,The same silver salt solution after standing in strong light,1,1,WISE full R1 · 2026-09-19,0,0,0,0,0,legacy / no structured retrieval events,True,1,6,0,False,screened_no_match,1,1,False,images/view/r1-957.webp,images/thumb/r1-957.webp,False
r1-958,958,1,Chemistry,Chemical Properties,The oxidizing salt sold as nearly black-purple crystals before any water is added,1,1,WISE full R1 · 2026-09-19,0,0,0,0,0,legacy / no structured retrieval events,True,1,6,0,False,screened_no_match,1,1,False,images/view/r1-958.webp,images/thumb/r1-958.webp,False
r1-959,959,1,Chemistry,Chemical Properties,The same oxidizing salt after it has dissolved into water,0,0,WISE full R1 · 2026-09-19,0,0,0,0,0,legacy / no structured retrieval events,True,1,6,0,False,screened_no_match,1,1,True,images/view/r1-959.webp,images/thumb/r1-959.webp,False
r1-960,960,1,Chemistry,Chemical Properties,White pellets left overnight in an open dish in humid air,1,1,WISE full R1 · 2026-09-19,0,0,0,0,0,legacy / no structured retrieval events,True,1,6,0,False,screened_no_match,1,1,False,images/view/r1-960.webp,images/thumb/r1-960.webp,False
r1-961,961,1,Chemistry,Combustion,Steel wool burning in pure oxygen,0,1,WISE full R1 · 2026-09-19,0,0,0,0,0,legacy / no structured retrieval events,True,1,6,0,False,screened_no_match,1,1,True,images/view/r1-961.webp,images/thumb/r1-961.webp,False
r1-962,962,1,Chemistry,Combustion,Black gunpowder immediately after ignition,1,1,WISE full R1 · 2026-09-19,0,0,0,0,0,legacy / no structured retrieval events,True,1,6,0,False,screened_no_match,1,1,False,images/view/r1-962.webp,images/thumb/r1-962.webp,False
r1-963,963,1,Chemistry,Combustion,A thermite reaction in progress,1,1,WISE full R1 · 2026-09-19,0,0,0,0,0,legacy / no structured retrieval events,True,1,6,0,False,screened_no_match,1,1,False,images/view/r1-963.webp,images/thumb/r1-963.webp,False
r1-964,964,1,Chemistry,Metal Corrosion,Galvanic corrosion between steel and copper in seawater,0,1,WISE full R1 · 2026-09-19,0,0,0,0,0,legacy / no structured retrieval events,True,1,9,0,False,screened_no_match,1,1,True,images/view/r1-964.webp,images/thumb/r1-964.webp,False
r1-965,965,1,Chemistry,Metal Corrosion,A ship hull with sacrificial zinc anodes,1,1,WISE full R1 · 2026-09-19,0,0,0,0,0,legacy / no structured retrieval events,True,1,6,0,False,screened_no_match,1,1,False,images/view/r1-965.webp,images/thumb/r1-965.webp,False
r1-966,966,1,Chemistry,Metal Corrosion,Anodized aluminum surface under magnification,1,1,WISE full R1 · 2026-09-19,0,0,0,0,0,legacy / no structured retrieval events,True,1,6,0,False,screened_no_match,1,1,False,images/view/r1-966.webp,images/thumb/r1-966.webp,False
r1-967,967,1,Chemistry,Metal Corrosion,Galvanized steel after the zinc coating has been scratched,0,1,WISE full R1 · 2026-09-19,0,0,0,0,0,legacy / no structured retrieval events,True,1,6,0,False,screened_no_match,1,1,True,images/view/r1-967.webp,images/thumb/r1-967.webp,False
r1-968,968,1,Chemistry,Metal Corrosion,A piece of aluminum placed in a beaker of sodium hydroxide solution,1,1,WISE full R1 · 2026-09-19,0,0,0,0,0,legacy / no structured retrieval events,True,1,6,0,False,screened_no_match,1,1,False,images/view/r1-968.webp,images/thumb/r1-968.webp,False
r1-969,969,1,Chemistry,Metal Corrosion,Stainless steel showing pitting corrosion,1,1,WISE full R1 · 2026-09-19,0,0,0,0,0,legacy / no structured retrieval events,True,1,6,0,False,screened_no_match,1,1,False,images/view/r1-969.webp,images/thumb/r1-969.webp,False
r1-970,970,1,Chemistry,Metal Corrosion,Brass dezincification corrosion,1,1,WISE full R1 · 2026-09-19,0,0,0,0,0,legacy / no structured retrieval events,True,1,6,0,False,screened_no_match,1,1,False,images/view/r1-970.webp,images/thumb/r1-970.webp,False
r1-971,971,1,Chemistry,Metal Corrosion,Titanium surface after passivation treatment,1,1,WISE full R1 · 2026-09-19,0,0,0,0,0,legacy / no structured retrieval events,True,1,9,0,False,screened_no_match,1,1,False,images/view/r1-971.webp,images/thumb/r1-971.webp,False
r1-972,972,1,Chemistry,Metal Corrosion,Crevice corrosion in a bolted stainless steel joint,1,1,WISE full R1 · 2026-09-19,0,0,0,0,0,legacy / no structured retrieval events,True,1,6,0,False,screened_no_match,1,1,False,images/view/r1-972.webp,images/thumb/r1-972.webp,False
r1-973,973,1,Chemistry,Metal Corrosion,Magnesium ribbon after exposure to humid air,0,0,WISE full R1 · 2026-09-19,0,0,0,0,0,legacy / no structured retrieval events,True,1,6,0,False,screened_no_match,1,1,True,images/view/r1-973.webp,images/thumb/r1-973.webp,False
r1-974,974,1,Chemistry,Metal Corrosion,Lead corrosion in sulfuric acid environment,0,1,WISE full R1 · 2026-09-19,0,0,0,0,0,legacy / no structured retrieval events,True,1,9,0,False,screened_no_match,1,1,True,images/view/r1-974.webp,images/thumb/r1-974.webp,False
r1-975,975,1,Chemistry,Metal Corrosion,Weathering steel after one year of outdoor exposure,1,1,WISE full R1 · 2026-09-19,0,0,0,0,0,legacy / no structured retrieval events,True,1,6,0,False,screened_no_match,1,1,False,images/view/r1-975.webp,images/thumb/r1-975.webp,False
r1-976,976,1,Chemistry,Solution Chemical Reaction,A clear solution after mixing lead nitrate solution with potassium iodide solution,1,1,WISE full R1 · 2026-09-19,0,0,0,0,0,legacy / no structured retrieval events,True,1,6,0,False,screened_no_match,1,1,False,images/view/r1-976.webp,images/thumb/r1-976.webp,False
r1-977,977,1,Chemistry,Solution Chemical Reaction,A glass of hard water containing dissolved calcium ions after sodium carbonate solution is added,1,1,WISE full R1 · 2026-09-19,0,0,0,0,0,legacy / no structured retrieval events,True,1,6,0,False,screened_no_match,1,1,False,images/view/r1-977.webp,images/thumb/r1-977.webp,False
r1-978,978,1,Chemistry,Solution Chemical Reaction,A petri dish containing the Belousov-Zhabotinsky reaction mixture,1,1,WISE full R1 · 2026-09-19,0,0,0,0,0,legacy / no structured retrieval events,True,1,9,0,False,screened_no_match,1,1,False,images/view/r1-978.webp,images/thumb/r1-978.webp,False
r1-979,979,1,Chemistry,Solution Chemical Reaction,Copper(II) sulfate solution after adding ammonia,1,1,WISE full R1 · 2026-09-19,0,0,0,0,0,legacy / no structured retrieval events,True,1,6,0,False,screened_no_match,1,1,False,images/view/r1-979.webp,images/thumb/r1-979.webp,False
r1-980,980,1,Chemistry,Solution Chemical Reaction,Iron(III) chloride solution mixed with potassium thiocyanate,1,1,WISE full R1 · 2026-09-19,0,0,0,0,0,legacy / no structured retrieval events,True,1,6,0,False,screened_no_match,1,1,False,images/view/r1-980.webp,images/thumb/r1-980.webp,False
r1-981,981,1,Chemistry,Solution Chemical Reaction,The inside of a glass test tube after an aldehyde is oxidized by Tollens' reagent,1,1,WISE full R1 · 2026-09-19,0,0,0,0,0,legacy / no structured retrieval events,True,1,6,0,False,screened_no_match,1,1,False,images/view/r1-981.webp,images/thumb/r1-981.webp,False
r1-982,982,1,Chemistry,Solution Chemical Reaction,A starch solution after iodine solution has been added to it,1,1,WISE full R1 · 2026-09-19,0,0,0,0,0,legacy / no structured retrieval events,True,1,6,0,False,screened_no_match,1,1,False,images/view/r1-982.webp,images/thumb/r1-982.webp,False
r1-983,983,1,Chemistry,Solution Chemical Reaction,Phenolphthalein indicator in strongly basic solution,1,1,WISE full R1 · 2026-09-19,0,0,0,0,0,legacy / no structured retrieval events,True,1,6,0,False,screened_no_match,1,1,False,images/view/r1-983.webp,images/thumb/r1-983.webp,False
r1-984,984,1,Chemistry,Solution Chemical Reaction,Sodium acetate supersaturated solution crystallization,0,0,WISE full R1 · 2026-09-19,0,0,0,0,0,legacy / no structured retrieval events,True,1,6,0,False,screened_no_match,1,1,True,images/view/r1-984.webp,images/thumb/r1-984.webp,False
r1-985,985,1,Chemistry,Solution Chemical Reaction,A beaker of cobalt(II) chloride solution after being heated,1,1,WISE full R1 · 2026-09-19,0,0,0,0,0,legacy / no structured retrieval events,True,1,6,0,False,screened_no_match,1,1,False,images/view/r1-985.webp,images/thumb/r1-985.webp,False
r1-986,986,1,Chemistry,Chemical Properties,Iodine sublimation from solid to vapor,0,1,WISE full R1 · 2026-09-19,0,0,0,0,0,legacy / no structured retrieval events,True,1,9,0,False,screened_no_match,1,1,True,images/view/r1-986.webp,images/thumb/r1-986.webp,False
r1-987,987,1,Chemistry,Chemical Properties,A test tube of hydrogen peroxide solution after a pinch of manganese dioxide is added,0,1,WISE full R1 · 2026-09-19,0,0,0,0,0,legacy / no structured retrieval events,True,1,6,0,False,screened_no_match,1,1,True,images/view/r1-987.webp,images/thumb/r1-987.webp,False
r1-988,988,1,Chemistry,Chemical Properties,A water electrolysis apparatus during operation,1,1,WISE full R1 · 2026-09-19,0,0,0,0,0,legacy / no structured retrieval events,True,1,6,0,False,screened_no_match,1,1,False,images/view/r1-988.webp,images/thumb/r1-988.webp,False
r1-989,989,1,Chemistry,Chemical Properties,Luminol chemiluminescence reaction,1,1,WISE full R1 · 2026-09-19,0,0,0,0,0,legacy / no structured retrieval events,True,1,6,0,False,screened_no_match,1,1,False,images/view/r1-989.webp,images/thumb/r1-989.webp,False
r1-990,990,1,Chemistry,Chemical Properties,Copper sulfate crystal growth from saturated solution,1,1,WISE full R1 · 2026-09-19,0,0,0,0,0,legacy / no structured retrieval events,True,1,6,0,False,screened_no_match,1,1,False,images/view/r1-990.webp,images/thumb/r1-990.webp,False
r1-991,991,1,Chemistry,Chemical Properties,A small piece of sodium placed on the surface of water,0,1,WISE full R1 · 2026-09-19,0,0,0,0,0,legacy / no structured retrieval events,True,1,6,0,False,screened_no_match,1,1,True,images/view/r1-991.webp,images/thumb/r1-991.webp,False
r1-992,992,1,Chemistry,Chemical Properties,A block of solid carbon dioxide left in room temperature air,1,1,WISE full R1 · 2026-09-19,0,0,0,0,0,legacy / no structured retrieval events,True,1,6,0,False,screened_no_match,1,1,False,images/view/r1-992.webp,images/thumb/r1-992.webp,False
r1-993,993,1,Chemistry,Chemical Properties,White phosphorus kept in a dark room,1,0,WISE full R1 · 2026-09-19,0,0,0,0,0,legacy / no structured retrieval events,True,1,6,0,False,screened_no_match,1,1,False,images/view/r1-993.webp,images/thumb/r1-993.webp,False
r1-994,994,1,Chemistry,Chemical Properties,Mercury forming spherical droplets on a surface,1,1,WISE full R1 · 2026-09-19,0,0,0,0,0,legacy / no structured retrieval events,True,1,6,0,False,screened_no_match,1,1,False,images/view/r1-994.webp,images/thumb/r1-994.webp,False
r1-995,995,1,Chemistry,Chemical Properties,A sample of molten sulfur heated above 160°C,1,1,WISE full R1 · 2026-09-19,0,0,0,0,0,legacy / no structured retrieval events,True,1,9,0,False,screened_no_match,1,1,False,images/view/r1-995.webp,images/thumb/r1-995.webp,False
r1-996,996,1,Chemistry,Chemical Properties,Ammonium dichromate volcano demonstration,1,1,WISE full R1 · 2026-09-19,0,0,0,0,0,legacy / no structured retrieval events,True,1,6,0,False,screened_no_match,1,1,False,images/view/r1-996.webp,images/thumb/r1-996.webp,False
r1-997,997,1,Chemistry,Chemical Properties,Bromine liquid with visible vapor above it,1,0,WISE full R1 · 2026-09-19,0,0,0,0,0,legacy / no structured retrieval events,True,1,6,0,False,screened_no_match,1,1,False,images/view/r1-997.webp,images/thumb/r1-997.webp,False
r1-998,998,1,Chemistry,Chemical Properties,Gallium metal melting in a person's hand,1,1,WISE full R1 · 2026-09-19,0,0,0,0,0,legacy / no structured retrieval events,True,1,6,0,False,screened_no_match,1,1,False,images/view/r1-998.webp,images/thumb/r1-998.webp,False
r1-999,999,1,Chemistry,Chemical Properties,A black liquid above a hidden magnet forming a field of sharp spikes,1,1,WISE full R1 · 2026-09-19,0,0,0,0,0,legacy / no structured retrieval events,True,1,6,0,False,screened_no_match,1,1,False,images/view/r1-999.webp,images/thumb/r1-999.webp,False
r1-1000,1000,1,Chemistry,Chemical Properties,Potassium permanganate crystal dissolving in water,1,1,WISE full R1 · 2026-09-19,0,0,0,0,0,legacy / no structured retrieval events,True,1,6,0,False,screened_no_match,1,1,False,images/view/r1-1000.webp,images/thumb/r1-1000.webp,False
r2-2,2,2,Cultural knowledge,Festival,"The traditional Korean contest often held during Chuseok, where two competitors grapple in a sand ring",1,1,WISE historical R2 · 2026-07-19,4,0,0,4,4,structured,False,1,6,0,False,screened_no_match,2,2,False,images/view/r2-2.webp,images/thumb/r2-2.webp,False
r2-44,44,2,Cultural knowledge,Religion,"A figure central to the story of Islam, revered as the last prophet",0,1,WISE historical R2 · 2026-07-19,0,2,0,0,2,structured,False,1,6,0,False,screened_no_match,2,2,True,images/view/r2-44.webp,images/thumb/r2-44.webp,False
r2-69,69,2,Cultural knowledge,Craft,"A craft known for its use of silver, and intricate designs in a particular country in South America",0,1,WISE historical R2 · 2026-07-19,3,0,0,3,3,structured,False,1,9,0,False,screened_no_match,1,1,True,images/view/r2-69.webp,images/thumb/r2-69.webp,False
r2-124,124,2,Cultural knowledge,Plant,The berry commonly used in Korean fruit wines and liqueurs,0,0,WISE historical R2 · 2026-07-19,4,0,0,4,4,structured,False,1,3,0,False,screened_no_match,1,1,True,images/view/r2-124.webp,images/thumb/r2-124.webp,False
r2-127,127,2,Cultural knowledge,Plant,"A fruit that has a unique appearance, with segments that look like fingers, originating from a region in Southeast Asia, often used in desserts",1,1,WISE historical R2 · 2026-07-19,4,0,0,4,4,structured,False,1,6,0,False,screened_no_match,1,1,False,images/view/r2-127.webp,images/thumb/r2-127.webp,False
r2-146,146,2,Cultural knowledge,Plant,"Show a plant that is a symbol of good fortune in Irish culture, and is known for its three-lobed leaves",1,0,WISE historical R2 · 2026-07-19,4,0,0,4,4,structured,False,1,6,0,False,screened_no_match,2,2,False,images/view/r2-146.webp,images/thumb/r2-146.webp,False
r2-235,235,2,Cultural knowledge,Animal,"An endangered striped animal, a conservation symbol in Malaysia",0,1,WISE historical R2 · 2026-07-19,3,1,0,2,4,structured,False,1,6,0,False,screened_no_match,1,1,True,images/view/r2-235.webp,images/thumb/r2-235.webp,False
r2-289,289,2,Cultural knowledge,Celebrity,The football shirt number most strongly associated with Argentina's classic playmaker tradition,1,1,WISE historical R2 · 2026-07-19,4,0,0,0,4,structured,False,1,6,0,False,screened_no_match,2,2,False,images/view/r2-289.webp,images/thumb/r2-289.webp,False
r2-295,295,2,Cultural knowledge,Celebrity,The shortened microphone-stand prop associated with classic 1970s arena rock,0,1,WISE historical R2 · 2026-07-19,4,0,0,4,4,structured,False,1,6,0,False,screened_no_match,2,2,True,images/view/r2-295.webp,images/thumb/r2-295.webp,False
r2-326,326,2,Cultural knowledge,Celebrity,The steed of Odin in Norse mythology,0,0,WISE historical R2 · 2026-07-19,3,0,0,3,3,structured,False,1,6,0,False,screened_no_match,2,2,True,images/view/r2-326.webp,images/thumb/r2-326.webp,False
r2-328,328,2,Cultural knowledge,Celebrity,The face of Yang Jian from Chinese mythology,0,0,WISE historical R2 · 2026-07-19,4,0,0,4,4,structured,False,1,6,0,False,screened_no_match,3,3,True,images/view/r2-328.webp,images/thumb/r2-328.webp,False
r2-339,339,2,Cultural knowledge,Celebrity,Michael Phelps' iconic moment,0,1,WISE historical R2 · 2026-07-19,3,0,0,3,3,structured,False,1,6,0,False,screened_no_match,3,3,True,images/view/r2-339.webp,images/thumb/r2-339.webp,False
r2-340,340,2,Cultural knowledge,Celebrity,"The iconic moment of Neil Armstrong, in which he took the first steps on a new surface",1,1,WISE historical R2 · 2026-07-19,4,0,0,2,4,structured,False,1,6,0,False,screened_no_match,2,2,False,images/view/r2-340.webp,images/thumb/r2-340.webp,False
r2-347,347,2,Cultural knowledge,Celebrity,"The geometric frame from Leonardo da Vinci's famous Renaissance study of human proportions, combining a circle and a square",0,0,WISE historical R2 · 2026-07-19,3,0,0,2,3,structured,False,1,3,0,False,screened_no_match,2,2,True,images/view/r2-347.webp,images/thumb/r2-347.webp,False
r2-381,381,2,Cultural knowledge,Life,The official currency used in the South Asian country governed from New Delhi,1,0,WISE historical R2 · 2026-07-19,3,1,0,3,4,structured,False,1,6,0,False,screened_no_match,3,3,False,images/view/r2-381.webp,images/thumb/r2-381.webp,False
r2-385,385,2,Cultural knowledge,Life,The ancient Chinese invention among the Four Great Inventions that later made fireworks possible,0,0,WISE historical R2 · 2026-07-19,3,1,0,2,4,structured,False,1,6,0,False,screened_no_match,3,3,True,images/view/r2-385.webp,images/thumb/r2-385.webp,False
r2-480,480,2,time,Longitudinal time,The two-wheeled vehicle associated with Roman races and triumphal imagery.,0,0,WISE historical R2 · 2026-07-19,4,0,0,3,4,structured,False,1,6,0,False,screened_no_match,2,2,True,images/view/r2-480.webp,images/thumb/r2-480.webp,False
r2-495,495,2,time,Longitudinal time,The three-cornered hat associated with officers during the American Revolutionary War.,1,1,WISE historical R2 · 2026-07-19,4,0,0,4,4,structured,False,1,6,0,False,screened_no_match,1,1,False,images/view/r2-495.webp,images/thumb/r2-495.webp,False
r2-499,499,2,time,Longitudinal time,The home-and-office computer whose separate monitor and twin floppy drives became a symbol of personal computing at the start of the 1980s.,1,1,WISE historical R2 · 2026-07-19,4,0,0,4,4,structured,False,1,6,0,False,screened_no_match,2,2,False,images/view/r2-499.webp,images/thumb/r2-499.webp,False
r2-501,501,2,time,Longitudinal time,The reed pen used to write on papyrus in ancient Egypt.,0,0,WISE historical R2 · 2026-07-19,4,0,0,4,4,structured,False,1,6,0,False,screened_no_match,3,3,True,images/view/r2-501.webp,images/thumb/r2-501.webp,False
r2-514,514,2,time,Longitudinal time,The pedal-powered two-wheeled vehicle that became practical everyday transport in the 1890s.,1,1,WISE historical R2 · 2026-07-19,3,1,0,3,4,structured,False,1,6,0,False,screened_no_match,1,1,False,images/view/r2-514.webp,images/thumb/r2-514.webp,False
r2-579,579,2,Space,Relative Position,"A scooter, a bicycle, and a bus, with the smallest vehicle nearest the viewer, the largest at the back, and the remaining one in the middle depth",1,1,WISE historical R2 · 2026-07-19,3,1,0,3,4,structured,False,1,6,0,False,screened_no_match,3,3,False,images/view/r2-579.webp,images/thumb/r2-579.webp,False
r2-586,586,2,Space,Relative Position,"A mouse, a cat, and a cow, with the smallest animal closest to the viewer, the largest farthest away, and the remaining one in the middle depth",1,1,WISE historical R2 · 2026-07-19,2,2,0,2,4,structured,False,1,6,0,False,screened_no_match,1,1,False,images/view/r2-586.webp,images/thumb/r2-586.webp,False
r2-594,594,2,Space,Relative Position,"An ostrich, a sparrow, a goose, and a duck, with the shortest bird nearest the viewer, the tallest farthest away, and the two middle birds kept between them in increasing height",0,1,WISE historical R2 · 2026-07-19,3,1,0,0,4,structured,False,1,6,0,False,screened_no_match,1,1,True,images/view/r2-594.webp,images/thumb/r2-594.webp,False
r2-598,598,2,Space,Relative Position,"A bus, a scooter, a motorcycle, and a bicycle, with the smallest vehicle nearest the viewer, the largest farthest away, and the two middle vehicles between them in increasing size",0,0,WISE historical R2 · 2026-07-19,4,0,0,4,4,structured,False,1,6,0,False,screened_no_match,2,2,True,images/view/r2-598.webp,images/thumb/r2-598.webp,False
r2-603,603,2,Space,Viewpoint and Scale,"A small office seen from a doorway on the right wall, with a desk on the far wall, a chair in front of it, and a tall plant in the back-left corner",1,1,WISE historical R2 · 2026-07-19,3,0,0,3,3,structured,False,1,6,0,False,screened_no_match,3,3,False,images/view/r2-603.webp,images/thumb/r2-603.webp,False
r2-605,605,2,Space,Viewpoint and Scale,The inside of a residential mailbox as a mail carrier slides an envelope through the slot,0,1,WISE historical R2 · 2026-07-19,4,0,0,4,4,structured,False,1,9,0,False,screened_no_match,3,3,True,images/view/r2-605.webp,images/thumb/r2-605.webp,False
r2-606,606,2,Space,Viewpoint and Scale,"A piano keyboard viewed from the pianist's seat, with sheet music on the stand and a bright window beyond",1,1,WISE historical R2 · 2026-07-19,2,2,0,2,4,structured,False,1,6,0,False,screened_no_match,3,3,False,images/view/r2-606.webp,images/thumb/r2-606.webp,False
r2-609,609,2,Space,Viewpoint and Scale,A shopping cart seen from inside the basket as a shopper places a loaf of bread into it,1,1,WISE historical R2 · 2026-07-19,4,0,0,4,4,structured,False,1,6,0,False,screened_no_match,1,1,False,images/view/r2-609.webp,images/thumb/r2-609.webp,False
r2-612,612,2,Space,Viewpoint and Scale,"The underside of a glass ceiling panel, with three stickers that are star, heart, and moon when viewed from above",1,1,WISE historical R2 · 2026-07-19,4,0,0,4,4,structured,False,1,9,0,False,screened_no_match,3,3,False,images/view/r2-612.webp,images/thumb/r2-612.webp,False
r2-614,614,2,Space,Viewpoint and Scale,"A hanging mobile seen from directly underneath, with a red star nearest, a green circle behind it, and a blue square farthest away",1,1,WISE historical R2 · 2026-07-19,3,0,0,3,3,structured,False,1,3,0,False,screened_no_match,3,3,False,images/view/r2-614.webp,images/thumb/r2-614.webp,False
r2-615,615,2,Space,Viewpoint and Scale,"A clear glass table seen from below, with a ceramic cup, a metal key, and a folded napkin resting on top from left to right",1,1,WISE historical R2 · 2026-07-19,3,0,0,3,3,structured,False,1,6,0,False,screened_no_match,3,3,False,images/view/r2-615.webp,images/thumb/r2-615.webp,False
r2-618,618,2,Space,Viewpoint and Scale,"A desk-height low-angle view of three desktop objects: a potted cactus nearest the viewer, a closed laptop behind it, and a desk lamp farthest back",1,1,WISE historical R2 · 2026-07-19,4,0,0,4,4,structured,False,1,6,0,False,screened_no_match,3,3,False,images/view/r2-618.webp,images/thumb/r2-618.webp,False
r2-624,624,2,Space,Viewpoint and Scale,"A bathroom scene seen only in a mirror, where a person holds a red hairbrush in the right hand and a blue towel hangs on the wall to the person's left",0,0,WISE historical R2 · 2026-07-19,2,2,0,2,4,structured,False,1,6,0,False,screened_no_match,2,2,True,images/view/r2-624.webp,images/thumb/r2-624.webp,False
r2-626,626,2,Space,Viewpoint and Scale,"A bathroom vanity scene seen in a mirror, with a green toothbrush to the left of a red toothpaste tube on the counter and a blue cup to the right of the toothpaste in the real scene",0,0,WISE historical R2 · 2026-07-19,3,1,0,3,4,structured,False,1,3,0,False,screened_no_match,3,3,True,images/view/r2-626.webp,images/thumb/r2-626.webp,False
r2-629,629,2,Space,Viewpoint and Scale,"A person facing a mirror, wearing a jacket with a red patch on the left shoulder and holding a blue cup in the right hand, shown only through the mirror reflection",1,0,WISE historical R2 · 2026-07-19,2,1,0,2,3,structured,False,1,6,0,False,screened_no_match,3,3,False,images/view/r2-629.webp,images/thumb/r2-629.webp,False
r2-630,630,2,Space,Viewpoint and Scale,"A vanity table seen in a mirror, with a perfume bottle on the left, a hairbrush in the center, and a lipstick on the right in the real scene",0,0,WISE historical R2 · 2026-07-19,4,0,0,4,4,structured,False,1,6,0,False,screened_no_match,3,3,True,images/view/r2-630.webp,images/thumb/r2-630.webp,False
r2-631,631,2,Space,Viewpoint and Scale,"A car interior with a rear-view mirror reflecting the back seat, where a blue backpack is on the left side of the back seat and a red jacket is on the right side",1,0,WISE historical R2 · 2026-07-19,4,0,0,4,4,structured,False,1,6,0,False,screened_no_match,2,2,False,images/view/r2-631.webp,images/thumb/r2-631.webp,False
r2-640,640,2,Space,Viewpoint and Scale,"An apartment hallway seen through a door peephole from inside, with a delivery person centered, a potted plant on the left, and a wall lamp on the right",1,1,WISE historical R2 · 2026-07-19,4,0,0,4,4,structured,False,1,6,0,False,screened_no_match,3,3,False,images/view/r2-640.webp,images/thumb/r2-640.webp,False
r2-644,644,2,Biology,State,"Lakeside macro photo of an insect clinging to a reed beside an empty aquatic shell, its wings still soft and crumpled in the morning air",0,0,WISE historical R2 · 2026-07-19,4,0,0,4,4,structured,False,1,6,0,False,screened_no_match,2,2,True,images/view/r2-644.webp,images/thumb/r2-644.webp,False
r2-648,648,2,Biology,State,"Strongly magnified close-up of a young seedling root laid on moist paper, focused on the region just behind the tip",0,1,WISE historical R2 · 2026-07-19,4,0,0,4,4,structured,False,1,9,0,False,screened_no_match,3,3,True,images/view/r2-648.webp,images/thumb/r2-648.webp,False
r2-657,657,2,Biology,State,Specimen photo of a trachea segment on a tray with the front wall facing the camera,0,0,WISE historical R2 · 2026-07-19,4,0,0,4,4,structured,False,1,9,0,False,screened_no_match,3,3,True,images/view/r2-657.webp,images/thumb/r2-657.webp,False
r2-673,673,2,Biology,State,Rice field with phosphorus deficiency,0,1,WISE historical R2 · 2026-07-19,4,0,0,4,4,structured,False,1,6,0,False,screened_no_match,2,2,True,images/view/r2-673.webp,images/thumb/r2-673.webp,False
r2-674,674,2,Biology,State,Apple tree with iron deficiency,1,1,WISE historical R2 · 2026-07-19,4,0,0,4,4,structured,False,1,6,0,False,screened_no_match,1,1,False,images/view/r2-674.webp,images/thumb/r2-674.webp,False
r2-679,679,2,Biology,State,"A house cat in a hallway during a sudden loud disturbance, photographed side-on with its full posture visible",1,1,WISE historical R2 · 2026-07-19,4,0,0,3,4,structured,False,1,9,0,False,screened_no_match,2,2,False,images/view/r2-679.webp,images/thumb/r2-679.webp,False
r2-680,680,2,Biology,State,Top-down tidepool photo of a single sea urchin attached to rock in clear shallow water,0,1,WISE historical R2 · 2026-07-19,4,0,0,4,4,structured,False,1,9,0,False,screened_no_match,3,3,True,images/view/r2-680.webp,images/thumb/r2-680.webp,False
r2-686,686,2,Biology,Behavior,Mimosa pudica leaf being touched,0,0,WISE historical R2 · 2026-07-19,4,0,0,0,4,structured,False,1,6,0,False,screened_no_match,2,2,True,images/view/r2-686.webp,images/thumb/r2-686.webp,False
r2-692,692,2,Biology,Behavior,A Mimosa pudica plant after being touched,1,0,WISE historical R2 · 2026-07-19,0,4,0,1,4,structured,False,1,6,0,False,screened_no_match,3,3,False,images/view/r2-692.webp,images/thumb/r2-692.webp,False
r2-695,695,2,Biology,Behavior,Pangolin defending itself from a predator,1,1,WISE historical R2 · 2026-07-19,4,0,0,2,4,structured,False,1,6,0,False,screened_no_match,1,1,False,images/view/r2-695.webp,images/thumb/r2-695.webp,False
r2-697,697,2,Biology,Behavior,Hedgehog defending itself from a predator,1,1,WISE historical R2 · 2026-07-19,4,0,0,4,4,structured,False,1,3,0,False,screened_no_match,1,1,False,images/view/r2-697.webp,images/thumb/r2-697.webp,False
r2-700,700,2,Biology,Behavior,Box turtle defending itself from a predator,0,0,WISE historical R2 · 2026-07-19,4,0,0,4,4,structured,False,1,6,0,False,screened_no_match,3,3,True,images/view/r2-700.webp,images/thumb/r2-700.webp,False
r2-709,709,2,Biology,Behavior,A cheetah preparing to sprint towards its prey,0,0,WISE historical R2 · 2026-07-19,3,1,0,3,4,structured,False,1,6,0,False,screened_no_match,3,3,True,images/view/r2-709.webp,images/thumb/r2-709.webp,False
r2-712,712,2,Biology,Behavior,Lizard's extreme escape behavior when facing danger,0,1,WISE historical R2 · 2026-07-19,4,0,0,4,4,structured,False,1,6,0,False,screened_no_match,3,3,True,images/view/r2-712.webp,images/thumb/r2-712.webp,False
r2-714,714,2,Biology,Behavior,Young sunflower buds in a field under a clear daytime sky,0,1,WISE historical R2 · 2026-07-19,3,1,0,2,4,structured,False,1,3,0,False,screened_no_match,3,3,True,images/view/r2-714.webp,images/thumb/r2-714.webp,False
r2-718,718,2,Biology,Behavior,Venus flytrap catching an insect,0,0,WISE historical R2 · 2026-07-19,4,0,0,1,4,structured,False,1,6,0,False,screened_no_match,2,2,True,images/view/r2-718.webp,images/thumb/r2-718.webp,False
r2-720,720,2,Biology,Behavior,Kangaroo nursing its joey,0,1,WISE historical R2 · 2026-07-19,4,0,0,2,4,structured,False,1,6,0,False,screened_no_match,2,2,True,images/view/r2-720.webp,images/thumb/r2-720.webp,False
r2-727,727,2,Biology,Behavior,Zebras forming a defensive circle,0,1,WISE historical R2 · 2026-07-19,4,0,0,4,4,structured,False,1,6,0,False,screened_no_match,3,3,True,images/view/r2-727.webp,images/thumb/r2-727.webp,False
r2-746,746,2,Biology,Behavior,A large humphead wrasse hovering motionless with mouth agape near a well-known reef cleaning station,1,1,WISE historical R2 · 2026-07-19,4,0,0,0,4,structured,False,1,9,0,False,screened_no_match,1,1,False,images/view/r2-746.webp,images/thumb/r2-746.webp,False
r2-747,747,2,Biology,Behavior,A reed warbler nest in a Norfolk wetland discovered in late May containing four eggs,0,0,WISE historical R2 · 2026-07-19,1,0,0,1,1,structured,False,1,6,0,False,screened_no_match,1,1,True,images/view/r2-747.webp,images/thumb/r2-747.webp,False
r2-750,750,2,Biology,Behavior,A Brachinus bombardier beetle suddenly disturbed by a large carabid predator on dry soil,0,1,WISE historical R2 · 2026-07-19,4,0,0,2,4,structured,False,1,6,0,False,screened_no_match,2,2,True,images/view/r2-750.webp,images/thumb/r2-750.webp,False
r2-754,754,2,Biology,Behavior,A Boleophthalmus mudskipper on an intertidal mudflat in the Sundarbans at low tide,1,1,WISE historical R2 · 2026-07-19,4,0,0,3,4,structured,False,1,9,0,False,screened_no_match,2,2,False,images/view/r2-754.webp,images/thumb/r2-754.webp,False
r2-755,755,2,Biology,Behavior,A Gopherus agassizii (Mojave desert tortoise) in the Sonoran Desert at 1 pm in late July,0,0,WISE historical R2 · 2026-07-19,4,0,0,1,4,structured,False,1,6,0,False,screened_no_match,1,1,True,images/view/r2-755.webp,images/thumb/r2-755.webp,False
r2-760,760,2,Biology,Behavior,A forager honey bee returning to the hive after locating a sunflower field 400 meters to the northeast,0,0,WISE historical R2 · 2026-07-19,4,0,0,4,4,structured,False,1,6,0,False,screened_no_match,2,2,True,images/view/r2-760.webp,images/thumb/r2-760.webp,False
r2-763,763,2,Physical Knowledge,Mechanics,An iron ball and an equally sized soccer ball are standing on either side of the balance beam,1,1,WISE historical R2 · 2026-07-19,2,1,0,3,3,structured,False,1,6,0,False,screened_no_match,1,1,False,images/view/r2-763.webp,images/thumb/r2-763.webp,False
r2-764,764,2,Physical Knowledge,Mechanics,The large stone and the rubber ball are standing on both sides of the beam balance,1,1,WISE historical R2 · 2026-07-19,4,0,0,4,4,structured,False,1,6,0,False,screened_no_match,1,1,False,images/view/r2-764.webp,images/thumb/r2-764.webp,False
r2-771,771,2,Physical Knowledge,Mechanics,A pear and a piece of light wood placed in a transparent water tank,0,0,WISE historical R2 · 2026-07-19,2,2,0,2,4,structured,False,1,9,0,False,screened_no_match,3,3,True,images/view/r2-771.webp,images/thumb/r2-771.webp,False
r2-777,777,2,Physical Knowledge,Mechanics,A heavy stone on a block of memory foam,1,1,WISE historical R2 · 2026-07-19,4,0,0,4,4,structured,False,1,6,0,False,screened_no_match,1,1,False,images/view/r2-777.webp,images/thumb/r2-777.webp,False
r2-778,778,2,Physical Knowledge,Mechanics,A sealed glass jar in a vacuum chamber,0,1,WISE historical R2 · 2026-07-19,4,0,0,1,4,structured,False,1,6,0,False,screened_no_match,2,2,True,images/view/r2-778.webp,images/thumb/r2-778.webp,False
r2-784,784,2,Physical Knowledge,Thermodynamics,"Depict a glass of water at an arctic environment, highlighting water's state",1,0,WISE historical R2 · 2026-07-19,4,0,0,4,4,structured,False,1,6,0,False,screened_no_match,3,3,False,images/view/r2-784.webp,images/thumb/r2-784.webp,False
r2-798,798,2,Physical Knowledge,Thermodynamics,"A steaming mug on a table with a silver spoon and a wooden stir stick resting in it, each handle tipped with a small dab of butter",0,0,WISE historical R2 · 2026-07-19,4,0,0,4,4,structured,False,1,6,0,False,screened_no_match,3,3,True,images/view/r2-798.webp,images/thumb/r2-798.webp,False
r2-804,804,2,Physical Knowledge,Thermodynamics,Freshly poured liquid nitrogen,1,0,WISE historical R2 · 2026-07-19,0,4,0,0,4,structured,False,1,6,0,False,screened_no_match,3,3,False,images/view/r2-804.webp,images/thumb/r2-804.webp,False
r2-812,812,2,Physical Knowledge,Optics,Light dispersion from a glass prism,0,1,WISE historical R2 · 2026-07-19,4,0,0,2,4,structured,False,1,3,0,False,screened_no_match,2,2,True,images/view/r2-812.webp,images/thumb/r2-812.webp,False
r2-817,817,2,Physical Knowledge,Optics,"A coin lying at the bottom of a clear glass bowl filled with water, viewed from above at a slight angle",0,1,WISE historical R2 · 2026-07-19,4,0,0,2,4,structured,False,1,6,0,False,screened_no_match,1,1,True,images/view/r2-817.webp,images/thumb/r2-817.webp,False
r2-822,822,2,Physical Knowledge,Physical Properties,A compass needle pointing north near a strong magnet,0,1,WISE historical R2 · 2026-07-19,4,0,0,2,4,structured,False,1,6,0,False,screened_no_match,3,3,True,images/view/r2-822.webp,images/thumb/r2-822.webp,False
r2-824,824,2,Physical Knowledge,Physical Properties,The bulb connected to the battery through copper wires,1,1,WISE historical R2 · 2026-07-19,4,0,0,4,4,structured,False,1,6,0,False,screened_no_match,3,3,False,images/view/r2-824.webp,images/thumb/r2-824.webp,False
r2-825,825,2,Physical Knowledge,Physical Properties,The bulb connected to the battery through rubber wires,0,0,WISE historical R2 · 2026-07-19,3,1,0,4,4,structured,False,1,3,0,False,screened_no_match,3,3,True,images/view/r2-825.webp,images/thumb/r2-825.webp,False
r2-828,828,2,Physical Knowledge,Physical Properties,A rubber ball and a lump of modeling clay just after being dropped onto the same stone floor,1,1,WISE historical R2 · 2026-07-19,4,0,0,4,4,structured,False,1,6,0,False,screened_no_match,3,3,False,images/view/r2-828.webp,images/thumb/r2-828.webp,False
r2-831,831,2,Physical Knowledge,Mechanics,A passenger in a car traveling at 60 km/h when the driver suddenly applies emergency brakes,0,1,WISE historical R2 · 2026-07-19,2,2,0,2,4,structured,False,1,6,0,False,screened_no_match,2,2,True,images/view/r2-831.webp,images/thumb/r2-831.webp,False
r2-833,833,2,Physical Knowledge,Mechanics,A table tennis ball held in mid-air by a vertical stream of air blown from a hair dryer pointed upward,1,1,WISE historical R2 · 2026-07-19,4,0,0,4,4,structured,False,1,6,0,False,screened_no_match,3,3,False,images/view/r2-833.webp,images/thumb/r2-833.webp,False
r2-834,834,2,Physical Knowledge,Mechanics,A U-shaped tube with water poured into one side and left to settle,1,1,WISE historical R2 · 2026-07-19,4,0,0,4,4,structured,False,1,6,0,False,screened_no_match,1,1,False,images/view/r2-834.webp,images/thumb/r2-834.webp,False
r2-835,835,2,Physical Knowledge,Mechanics,"A garden sprinkler nozzle angled at 45 degrees above horizontal, actively spraying water",0,0,WISE historical R2 · 2026-07-19,4,0,0,4,4,structured,False,1,6,0,False,screened_no_match,3,3,True,images/view/r2-835.webp,images/thumb/r2-835.webp,False
r2-836,836,2,Physical Knowledge,Mechanics,A seesaw with a small child sitting at the far end and a heavy adult sitting close to the center pivot,0,0,WISE historical R2 · 2026-07-19,3,1,0,3,4,structured,False,1,6,0,False,screened_no_match,3,3,True,images/view/r2-836.webp,images/thumb/r2-836.webp,False
r2-838,838,2,Physical Knowledge,Mechanics,A spinning gyroscope mounted on a tilted platform at 30 degrees from horizontal,1,1,WISE historical R2 · 2026-07-19,4,0,0,4,4,structured,False,1,6,0,False,screened_no_match,3,3,False,images/view/r2-838.webp,images/thumb/r2-838.webp,False
r2-840,840,2,Physical Knowledge,Thermodynamics,A bimetallic thermostat strip inside a household oven that has been set to 150°C and fully preheated,0,0,WISE historical R2 · 2026-07-19,4,0,0,4,4,structured,False,1,6,0,False,screened_no_match,3,3,True,images/view/r2-840.webp,images/thumb/r2-840.webp,False
r2-841,841,2,Physical Knowledge,Thermodynamics,A latex balloon that was fully inflated at room temperature and then left overnight in a car parked outdoors in Minnesota in January,1,0,WISE historical R2 · 2026-07-19,3,1,0,3,4,structured,False,1,6,0,False,screened_no_match,3,3,False,images/view/r2-841.webp,images/thumb/r2-841.webp,False
r2-844,844,2,Physical Knowledge,Optics,"The ground beneath a leafy tree on a sunny afternoon, showing the light patches filtering through small gaps in the foliage",1,1,WISE historical R2 · 2026-07-19,4,0,0,3,4,structured,False,1,6,0,False,screened_no_match,2,2,False,images/view/r2-844.webp,images/thumb/r2-844.webp,False
r2-847,847,2,Physical Knowledge,Optics,An inferior mirage on a desert highway on a cloudless summer afternoon,0,0,WISE historical R2 · 2026-07-19,3,0,0,3,3,structured,False,1,6,0,False,screened_no_match,3,3,True,images/view/r2-847.webp,images/thumb/r2-847.webp,False
r2-856,856,2,Physical Knowledge,Optics,"A basketball held 5 cm in front of a single bare incandescent light bulb, casting a shadow on a white wall 2 meters behind it",0,0,WISE historical R2 · 2026-07-19,4,0,0,4,4,structured,False,1,6,0,False,screened_no_match,3,3,True,images/view/r2-856.webp,images/thumb/r2-856.webp,False
r2-862,862,2,Physical Knowledge,Electromagnetism,"A small YBCO superconducting ceramic disk cooled in liquid nitrogen, placed above a neodymium permanent magnet",1,1,WISE historical R2 · 2026-07-19,4,0,0,4,4,structured,False,1,6,0,False,screened_no_match,2,2,False,images/view/r2-862.webp,images/thumb/r2-862.webp,False
r2-868,868,2,Physical Knowledge,Physical Properties,A person pressing their bare hand flat against a cold mirror for 5 seconds and then quickly removing it,1,1,WISE historical R2 · 2026-07-19,4,0,0,4,4,structured,False,1,6,0,False,screened_no_match,1,1,False,images/view/r2-868.webp,images/thumb/r2-868.webp,False
r2-869,869,2,Physical Knowledge,Physical Properties,"A Nitinol wire previously trained into a tight helical coil, manually straightened, and now held in a cup of 80°C hot water",1,1,WISE historical R2 · 2026-07-19,4,0,0,4,4,structured,False,1,6,0,False,screened_no_match,3,3,False,images/view/r2-869.webp,images/thumb/r2-869.webp,False
r2-871,871,2,Physical Knowledge,Physical Properties,"A wet towel hung on an outdoor clothesline after being soaked in water, left outside at -15°C for 30 minutes",0,1,WISE historical R2 · 2026-07-19,4,0,0,2,4,structured,False,1,6,0,False,screened_no_match,1,1,True,images/view/r2-871.webp,images/thumb/r2-871.webp,False
r2-873,873,2,Physical Knowledge,Physical Properties,A gas kitchen stove burner at the moment the ignition button is pressed,0,0,WISE historical R2 · 2026-07-19,4,0,0,2,4,structured,False,1,6,0,False,screened_no_match,3,3,True,images/view/r2-873.webp,images/thumb/r2-873.webp,False
r2-874,874,2,Physical Knowledge,Physical Properties,A duck emerging from a pond after brief submersion,1,1,WISE historical R2 · 2026-07-19,4,0,0,4,4,structured,False,1,9,0,False,screened_no_match,3,3,False,images/view/r2-874.webp,images/thumb/r2-874.webp,False
r2-879,879,2,Physical Knowledge,Physical Properties,A small square of pyrolytic graphite suspended above two neodymium magnets with their north poles facing upward side by side,1,1,WISE historical R2 · 2026-07-19,4,0,0,4,4,structured,False,1,6,0,False,screened_no_match,2,2,False,images/view/r2-879.webp,images/thumb/r2-879.webp,False
r2-880,880,2,Physical Knowledge,Physical Properties,A 20 cm glass tube filled with concentrated sucrose solution placed between two crossed polarizing filters on a light table,1,1,WISE historical R2 · 2026-07-19,3,1,0,3,4,structured,False,1,6,0,False,screened_no_match,2,2,False,images/view/r2-880.webp,images/thumb/r2-880.webp,False
r2-881,881,2,Chemistry,Combustion,A candle in space,1,1,WISE historical R2 · 2026-07-19,4,0,0,4,4,structured,False,1,6,0,False,screened_no_match,1,1,False,images/view/r2-881.webp,images/thumb/r2-881.webp,False
r2-882,882,2,Chemistry,Combustion,"Within a sealed glass container of carbon dioxide, a burning candle has been left to stand for a while",0,0,WISE historical R2 · 2026-07-19,3,1,0,4,4,structured,False,1,6,0,False,screened_no_match,3,3,True,images/view/r2-882.webp,images/thumb/r2-882.webp,False
r2-883,883,2,Chemistry,Combustion,A sealed glass jar filled with carbon dioxide contains a burning magnesium rod,1,1,WISE historical R2 · 2026-07-19,1,3,0,1,4,structured,False,1,6,0,False,screened_no_match,2,2,False,images/view/r2-883.webp,images/thumb/r2-883.webp,False
r2-885,885,2,Chemistry,Combustion,A yellow brittle solid burning in a deflagrating spoon inside a jar of oxygen,1,1,WISE historical R2 · 2026-07-19,4,0,0,1,4,structured,False,1,6,0,False,screened_no_match,3,3,False,images/view/r2-885.webp,images/thumb/r2-885.webp,False
r2-902,902,2,Chemistry,Metal Corrosion,Historic lead roof flashing after long weather exposure,1,1,WISE historical R2 · 2026-07-19,4,0,0,4,4,structured,False,1,6,0,False,screened_no_match,3,3,False,images/view/r2-902.webp,images/thumb/r2-902.webp,False
r2-906,906,2,Chemistry,Solution Chemical Reaction,A Gold block submerged in hydrochloric acid,0,0,WISE historical R2 · 2026-07-19,4,0,0,4,4,structured,False,1,6,0,False,screened_no_match,3,3,True,images/view/r2-906.webp,images/thumb/r2-906.webp,False
r2-912,912,2,Chemistry,Solution Chemical Reaction,A platinum wire submerged in hydrochloric acid,0,0,WISE historical R2 · 2026-07-19,3,1,0,3,4,structured,False,1,9,0,False,screened_no_match,3,3,True,images/view/r2-912.webp,images/thumb/r2-912.webp,False
r2-913,913,2,Chemistry,Solution Chemical Reaction,A piece of tin in dilute sulfuric acid,1,1,WISE historical R2 · 2026-07-19,2,2,0,2,4,structured,False,1,6,0,False,screened_no_match,3,3,False,images/view/r2-913.webp,images/thumb/r2-913.webp,False
r2-917,917,2,Chemistry,Solution Chemical Reaction,"A silver nitrate solution and a zinc bar in it, the state of the solution and the zinc bar should be highlighted",1,1,WISE historical R2 · 2026-07-19,3,1,0,3,4,structured,False,1,6,0,False,screened_no_match,3,3,False,images/view/r2-917.webp,images/thumb/r2-917.webp,False
r2-919,919,2,Chemistry,Solution Chemical Reaction,"A piece of silver in a solution of copper nitrate, highlighting the state of the solution and the piece of silver",0,0,WISE historical R2 · 2026-07-19,3,1,0,3,4,structured,False,1,6,0,False,screened_no_match,2,2,True,images/view/r2-919.webp,images/thumb/r2-919.webp,False
r2-920,920,2,Chemistry,Solution Chemical Reaction,"A strip of copper in a solution of aluminum sulfate, highlighting the state of the solution and the copper strip",0,0,WISE historical R2 · 2026-07-19,3,1,0,3,4,structured,False,1,6,0,False,screened_no_match,3,3,True,images/view/r2-920.webp,images/thumb/r2-920.webp,False
r2-921,921,2,Chemistry,Solution Chemical Reaction,"A magnesium strip immersed in a solution of copper chloride, highlighting the state of the solution and the magnesium strip",0,1,WISE historical R2 · 2026-07-19,2,2,0,2,4,structured,False,1,6,0,False,screened_no_match,3,3,True,images/view/r2-921.webp,images/thumb/r2-921.webp,False
r2-934,934,2,Chemistry,Solution Chemical Reaction,Aqueous ammonia after litmus indicator has been mixed in,0,0,WISE historical R2 · 2026-07-19,2,2,0,1,4,structured,False,1,6,0,False,screened_no_match,3,3,True,images/view/r2-934.webp,images/thumb/r2-934.webp,False
r2-939,939,2,Chemistry,Solution Chemical Reaction,A marble chip just after hydrochloric acid is dropped onto it,1,1,WISE historical R2 · 2026-07-19,4,0,0,4,4,structured,False,1,6,0,False,screened_no_match,3,3,False,images/view/r2-939.webp,images/thumb/r2-939.webp,False
r2-940,940,2,Chemistry,Solution Chemical Reaction,Excess hydrochloric acid is added to a cloudy limewater solution,0,0,WISE historical R2 · 2026-07-19,3,1,0,3,4,structured,False,1,6,0,False,screened_no_match,2,2,True,images/view/r2-940.webp,images/thumb/r2-940.webp,False
r2-956,956,2,Chemistry,Chemical Properties,A silver salt solution kept protected from light,0,0,WISE historical R2 · 2026-07-19,4,0,0,4,4,structured,False,1,6,0,False,screened_no_match,3,3,True,images/view/r2-956.webp,images/thumb/r2-956.webp,False
r2-959,959,2,Chemistry,Chemical Properties,The same oxidizing salt after it has dissolved into water,0,0,WISE historical R2 · 2026-07-19,2,2,0,2,4,structured,False,1,6,0,False,screened_no_match,3,3,True,images/view/r2-959.webp,images/thumb/r2-959.webp,False
r2-961,961,2,Chemistry,Combustion,Steel wool burning in pure oxygen,0,1,WISE historical R2 · 2026-07-19,4,0,0,4,4,structured,False,1,6,0,False,screened_no_match,3,3,True,images/view/r2-961.webp,images/thumb/r2-961.webp,False
r2-964,964,2,Chemistry,Metal Corrosion,Galvanic corrosion between steel and copper in seawater,1,1,WISE historical R2 · 2026-07-19,4,0,0,2,4,structured,False,1,6,0,False,screened_no_match,3,3,False,images/view/r2-964.webp,images/thumb/r2-964.webp,False
r2-967,967,2,Chemistry,Metal Corrosion,Galvanized steel after the zinc coating has been scratched,1,1,WISE historical R2 · 2026-07-19,4,0,0,0,4,structured,False,1,6,0,False,screened_no_match,1,1,False,images/view/r2-967.webp,images/thumb/r2-967.webp,False
r2-973,973,2,Chemistry,Metal Corrosion,Magnesium ribbon after exposure to humid air,1,1,WISE historical R2 · 2026-07-19,4,0,0,4,4,structured,False,1,6,0,False,screened_no_match,3,3,False,images/view/r2-973.webp,images/thumb/r2-973.webp,False
r2-974,974,2,Chemistry,Metal Corrosion,Lead corrosion in sulfuric acid environment,0,1,WISE historical R2 · 2026-07-19,3,1,0,3,4,structured,False,1,6,0,False,screened_no_match,3,3,True,images/view/r2-974.webp,images/thumb/r2-974.webp,False
r2-984,984,2,Chemistry,Solution Chemical Reaction,Sodium acetate supersaturated solution crystallization,0,0,WISE historical R2 · 2026-07-19,3,1,0,2,4,structured,False,1,6,0,False,screened_no_match,3,3,True,images/view/r2-984.webp,images/thumb/r2-984.webp,False
r2-986,986,2,Chemistry,Chemical Properties,Iodine sublimation from solid to vapor,0,1,WISE historical R2 · 2026-07-19,4,0,0,4,4,structured,False,1,6,0,False,screened_no_match,3,3,True,images/view/r2-986.webp,images/thumb/r2-986.webp,False
r2-987,987,2,Chemistry,Chemical Properties,A test tube of hydrogen peroxide solution after a pinch of manganese dioxide is added,1,1,WISE historical R2 · 2026-07-19,1,2,0,1,3,structured,False,1,6,0,False,screened_no_match,3,3,False,images/view/r2-987.webp,images/thumb/r2-987.webp,False
r2-991,991,2,Chemistry,Chemical Properties,A small piece of sodium placed on the surface of water,0,0,WISE historical R2 · 2026-07-19,2,2,0,2,4,structured,False,1,6,0,False,screened_no_match,3,3,True,images/view/r2-991.webp,images/thumb/r2-991.webp,False
r3-44,44,3,Cultural knowledge,Religion,"A figure central to the story of Islam, revered as the last prophet",1,1,WISE historical R3 · 2026-07-19,2,0,0,2,2,structured,False,1,3,0,False,screened_no_match,2,2,False,images/view/r3-44.webp,images/thumb/r3-44.webp,False
r3-69,69,3,Cultural knowledge,Craft,"A craft known for its use of silver, and intricate designs in a particular country in South America",0,1,WISE historical R3 · 2026-07-19,2,0,0,2,2,structured,False,1,6,0,False,screened_no_match,1,1,False,images/view/r3-69.webp,images/thumb/r3-69.webp,False
r3-124,124,3,Cultural knowledge,Plant,The berry commonly used in Korean fruit wines and liqueurs,0,0,WISE historical R3 · 2026-07-19,4,0,0,4,4,structured,False,1,6,0,False,screened_no_match,1,1,False,images/view/r3-124.webp,images/thumb/r3-124.webp,False
r3-235,235,3,Cultural knowledge,Animal,"An endangered striped animal, a conservation symbol in Malaysia",0,1,WISE historical R3 · 2026-07-19,2,0,0,2,2,structured,False,1,6,0,False,screened_no_match,1,1,False,images/view/r3-235.webp,images/thumb/r3-235.webp,False
r3-295,295,3,Cultural knowledge,Celebrity,The shortened microphone-stand prop associated with classic 1970s arena rock,1,1,WISE historical R3 · 2026-07-19,4,0,0,4,4,structured,False,1,6,0,False,screened_no_match,3,3,False,images/view/r3-295.webp,images/thumb/r3-295.webp,False
r3-326,326,3,Cultural knowledge,Celebrity,The steed of Odin in Norse mythology,0,0,WISE historical R3 · 2026-07-19,3,0,0,3,3,structured,False,1,6,0,False,screened_no_match,3,3,False,images/view/r3-326.webp,images/thumb/r3-326.webp,False
r3-328,328,3,Cultural knowledge,Celebrity,The face of Yang Jian from Chinese mythology,1,1,WISE historical R3 · 2026-07-19,4,0,0,4,4,structured,False,1,3,0,False,screened_no_match,3,3,False,images/view/r3-328.webp,images/thumb/r3-328.webp,False
r3-339,339,3,Cultural knowledge,Celebrity,Michael Phelps' iconic moment,0,1,WISE historical R3 · 2026-07-19,1,0,0,1,1,structured,False,1,6,0,False,screened_no_match,3,3,False,images/view/r3-339.webp,images/thumb/r3-339.webp,False
r3-347,347,3,Cultural knowledge,Celebrity,"The geometric frame from Leonardo da Vinci's famous Renaissance study of human proportions, combining a circle and a square",0,1,WISE historical R3 · 2026-07-19,2,0,0,2,2,structured,False,1,6,0,False,screened_no_match,3,3,False,images/view/r3-347.webp,images/thumb/r3-347.webp,False
r3-385,385,3,Cultural knowledge,Life,The ancient Chinese invention among the Four Great Inventions that later made fireworks possible,1,1,WISE historical R3 · 2026-07-19,3,0,0,3,3,structured,False,1,6,0,False,screened_no_match,2,2,False,images/view/r3-385.webp,images/thumb/r3-385.webp,False
r3-480,480,3,time,Longitudinal time,The two-wheeled vehicle associated with Roman races and triumphal imagery.,0,1,WISE historical R3 · 2026-07-19,4,0,0,4,4,structured,False,1,6,0,False,screened_no_match,2,2,False,images/view/r3-480.webp,images/thumb/r3-480.webp,False
r3-501,501,3,time,Longitudinal time,The reed pen used to write on papyrus in ancient Egypt.,0,0,WISE historical R3 · 2026-07-19,4,0,0,4,4,structured,False,1,6,0,False,screened_no_match,2,2,False,images/view/r3-501.webp,images/thumb/r3-501.webp,False
r3-594,594,3,Space,Relative Position,"An ostrich, a sparrow, a goose, and a duck, with the shortest bird nearest the viewer, the tallest farthest away, and the two middle birds kept between them in increasing height",0,1,WISE historical R3 · 2026-07-19,2,1,0,2,3,structured,False,1,6,0,False,screened_no_match,2,2,False,images/view/r3-594.webp,images/thumb/r3-594.webp,False
r3-598,598,3,Space,Relative Position,"A bus, a scooter, a motorcycle, and a bicycle, with the smallest vehicle nearest the viewer, the largest farthest away, and the two middle vehicles between them in increasing size",0,0,WISE historical R3 · 2026-07-19,2,1,0,2,3,structured,False,1,6,0,False,screened_no_match,2,2,False,images/view/r3-598.webp,images/thumb/r3-598.webp,False
r3-605,605,3,Space,Viewpoint and Scale,The inside of a residential mailbox as a mail carrier slides an envelope through the slot,0,1,WISE historical R3 · 2026-07-19,4,0,0,4,4,structured,False,1,9,0,False,screened_no_match,3,3,False,images/view/r3-605.webp,images/thumb/r3-605.webp,False
r3-624,624,3,Space,Viewpoint and Scale,"A bathroom scene seen only in a mirror, where a person holds a red hairbrush in the right hand and a blue towel hangs on the wall to the person's left",0,0,WISE historical R3 · 2026-07-19,3,1,0,3,4,structured,False,1,6,0,False,screened_no_match,3,3,False,images/view/r3-624.webp,images/thumb/r3-624.webp,False
r3-626,626,3,Space,Viewpoint and Scale,"A bathroom vanity scene seen in a mirror, with a green toothbrush to the left of a red toothpaste tube on the counter and a blue cup to the right of the toothpaste in the real scene",1,0,WISE historical R3 · 2026-07-19,4,0,0,4,4,structured,False,1,6,0,False,screened_no_match,3,3,False,images/view/r3-626.webp,images/thumb/r3-626.webp,False
r3-630,630,3,Space,Viewpoint and Scale,"A vanity table seen in a mirror, with a perfume bottle on the left, a hairbrush in the center, and a lipstick on the right in the real scene",0,0,WISE historical R3 · 2026-07-19,3,1,0,4,4,structured,False,1,6,0,False,screened_no_match,3,3,False,images/view/r3-630.webp,images/thumb/r3-630.webp,False
r3-644,644,3,Biology,State,"Lakeside macro photo of an insect clinging to a reed beside an empty aquatic shell, its wings still soft and crumpled in the morning air",0,0,WISE historical R3 · 2026-07-19,4,0,0,4,4,structured,False,1,6,0,False,screened_no_match,3,3,False,images/view/r3-644.webp,images/thumb/r3-644.webp,False
r3-648,648,3,Biology,State,"Strongly magnified close-up of a young seedling root laid on moist paper, focused on the region just behind the tip",0,1,WISE historical R3 · 2026-07-19,4,0,0,4,4,structured,False,1,6,0,False,screened_no_match,3,3,False,images/view/r3-648.webp,images/thumb/r3-648.webp,False
r3-657,657,3,Biology,State,Specimen photo of a trachea segment on a tray with the front wall facing the camera,0,1,WISE historical R3 · 2026-07-19,3,0,0,3,3,structured,False,1,6,0,False,screened_no_match,3,3,False,images/view/r3-657.webp,images/thumb/r3-657.webp,False
r3-673,673,3,Biology,State,Rice field with phosphorus deficiency,1,1,WISE historical R3 · 2026-07-19,4,0,0,4,4,structured,False,1,6,0,False,screened_no_match,2,2,False,images/view/r3-673.webp,images/thumb/r3-673.webp,False
r3-680,680,3,Biology,State,Top-down tidepool photo of a single sea urchin attached to rock in clear shallow water,0,1,WISE historical R3 · 2026-07-19,3,0,0,3,3,structured,False,1,6,0,False,screened_no_match,2,2,False,images/view/r3-680.webp,images/thumb/r3-680.webp,False
r3-686,686,3,Biology,Behavior,Mimosa pudica leaf being touched,0,0,WISE historical R3 · 2026-07-19,0,4,0,0,4,structured,False,1,6,0,False,screened_no_match,3,3,False,images/view/r3-686.webp,images/thumb/r3-686.webp,False
r3-700,700,3,Biology,Behavior,Box turtle defending itself from a predator,0,0,WISE historical R3 · 2026-07-19,3,0,0,3,3,structured,False,1,6,0,False,screened_no_match,2,2,False,images/view/r3-700.webp,images/thumb/r3-700.webp,False
r3-709,709,3,Biology,Behavior,A cheetah preparing to sprint towards its prey,0,0,WISE historical R3 · 2026-07-19,3,1,0,3,4,structured,False,1,6,0,False,screened_no_match,3,3,False,images/view/r3-709.webp,images/thumb/r3-709.webp,False
r3-712,712,3,Biology,Behavior,Lizard's extreme escape behavior when facing danger,0,1,WISE historical R3 · 2026-07-19,4,0,0,4,4,structured,False,1,6,0,False,screened_no_match,3,3,False,images/view/r3-712.webp,images/thumb/r3-712.webp,False
r3-714,714,3,Biology,Behavior,Young sunflower buds in a field under a clear daytime sky,0,1,WISE historical R3 · 2026-07-19,4,0,0,4,4,structured,False,1,6,0,False,screened_no_match,3,3,False,images/view/r3-714.webp,images/thumb/r3-714.webp,False
r3-718,718,3,Biology,Behavior,Venus flytrap catching an insect,1,1,WISE historical R3 · 2026-07-19,4,0,0,4,4,structured,False,1,3,0,False,screened_no_match,2,2,False,images/view/r3-718.webp,images/thumb/r3-718.webp,False
r3-720,720,3,Biology,Behavior,Kangaroo nursing its joey,0,1,WISE historical R3 · 2026-07-19,4,0,0,4,4,structured,False,1,6,0,False,screened_no_match,2,2,False,images/view/r3-720.webp,images/thumb/r3-720.webp,False
r3-727,727,3,Biology,Behavior,Zebras forming a defensive circle,0,1,WISE historical R3 · 2026-07-19,4,0,0,4,4,structured,False,1,6,0,False,screened_no_match,3,3,False,images/view/r3-727.webp,images/thumb/r3-727.webp,False
r3-747,747,3,Biology,Behavior,A reed warbler nest in a Norfolk wetland discovered in late May containing four eggs,0,0,WISE historical R3 · 2026-07-19,2,0,0,2,2,structured,False,1,9,0,False,screened_no_match,1,1,False,images/view/r3-747.webp,images/thumb/r3-747.webp,False
r3-750,750,3,Biology,Behavior,A Brachinus bombardier beetle suddenly disturbed by a large carabid predator on dry soil,1,1,WISE historical R3 · 2026-07-19,4,0,0,4,4,structured,False,1,6,0,False,screened_no_match,3,3,False,images/view/r3-750.webp,images/thumb/r3-750.webp,False
r3-755,755,3,Biology,Behavior,A Gopherus agassizii (Mojave desert tortoise) in the Sonoran Desert at 1 pm in late July,0,0,WISE historical R3 · 2026-07-19,3,0,0,3,3,structured,False,1,9,0,False,screened_no_match,1,1,False,images/view/r3-755.webp,images/thumb/r3-755.webp,False
r3-760,760,3,Biology,Behavior,A forager honey bee returning to the hive after locating a sunflower field 400 meters to the northeast,0,1,WISE historical R3 · 2026-07-19,4,0,0,4,4,structured,False,1,6,0,False,screened_no_match,3,3,False,images/view/r3-760.webp,images/thumb/r3-760.webp,False
r3-771,771,3,Physical Knowledge,Mechanics,A pear and a piece of light wood placed in a transparent water tank,1,1,WISE historical R3 · 2026-07-19,3,0,0,3,3,structured,False,1,9,0,False,screened_no_match,3,3,False,images/view/r3-771.webp,images/thumb/r3-771.webp,False
r3-778,778,3,Physical Knowledge,Mechanics,A sealed glass jar in a vacuum chamber,1,1,WISE historical R3 · 2026-07-19,2,1,0,2,3,structured,False,1,6,0,False,screened_no_match,2,2,False,images/view/r3-778.webp,images/thumb/r3-778.webp,False
r3-798,798,3,Physical Knowledge,Thermodynamics,"A steaming mug on a table with a silver spoon and a wooden stir stick resting in it, each handle tipped with a small dab of butter",0,0,WISE historical R3 · 2026-07-19,3,0,0,3,3,structured,False,1,6,0,False,screened_no_match,3,3,False,images/view/r3-798.webp,images/thumb/r3-798.webp,False
r3-812,812,3,Physical Knowledge,Optics,Light dispersion from a glass prism,0,1,WISE historical R3 · 2026-07-19,4,0,0,4,4,structured,False,1,6,0,False,screened_no_match,3,3,False,images/view/r3-812.webp,images/thumb/r3-812.webp,False
r3-817,817,3,Physical Knowledge,Optics,"A coin lying at the bottom of a clear glass bowl filled with water, viewed from above at a slight angle",0,1,WISE historical R3 · 2026-07-19,2,0,0,2,2,structured,False,1,6,0,False,screened_no_match,1,1,False,images/view/r3-817.webp,images/thumb/r3-817.webp,False
r3-822,822,3,Physical Knowledge,Physical Properties,A compass needle pointing north near a strong magnet,1,0,WISE historical R3 · 2026-07-19,2,0,0,2,2,structured,False,1,6,0,False,screened_no_match,3,3,False,images/view/r3-822.webp,images/thumb/r3-822.webp,False
r3-825,825,3,Physical Knowledge,Physical Properties,The bulb connected to the battery through rubber wires,0,1,WISE historical R3 · 2026-07-19,3,1,0,3,4,structured,False,1,6,0,False,screened_no_match,3,3,False,images/view/r3-825.webp,images/thumb/r3-825.webp,False
r3-831,831,3,Physical Knowledge,Mechanics,A passenger in a car traveling at 60 km/h when the driver suddenly applies emergency brakes,0,0,WISE historical R3 · 2026-07-19,3,0,0,3,3,structured,False,1,6,0,False,screened_no_match,3,3,False,images/view/r3-831.webp,images/thumb/r3-831.webp,False
r3-835,835,3,Physical Knowledge,Mechanics,"A garden sprinkler nozzle angled at 45 degrees above horizontal, actively spraying water",0,0,WISE historical R3 · 2026-07-19,4,0,0,4,4,structured,False,1,6,0,False,screened_no_match,3,3,False,images/view/r3-835.webp,images/thumb/r3-835.webp,False
r3-836,836,3,Physical Knowledge,Mechanics,A seesaw with a small child sitting at the far end and a heavy adult sitting close to the center pivot,0,0,WISE historical R3 · 2026-07-19,2,0,0,2,2,structured,False,1,6,0,False,screened_no_match,3,3,False,images/view/r3-836.webp,images/thumb/r3-836.webp,False
r3-840,840,3,Physical Knowledge,Thermodynamics,A bimetallic thermostat strip inside a household oven that has been set to 150°C and fully preheated,0,1,WISE historical R3 · 2026-07-19,4,0,0,4,4,structured,False,1,9,0,False,screened_no_match,3,3,False,images/view/r3-840.webp,images/thumb/r3-840.webp,False
r3-847,847,3,Physical Knowledge,Optics,An inferior mirage on a desert highway on a cloudless summer afternoon,0,1,WISE historical R3 · 2026-07-19,4,0,0,4,4,structured,False,1,6,0,False,screened_no_match,3,3,False,images/view/r3-847.webp,images/thumb/r3-847.webp,False
r3-856,856,3,Physical Knowledge,Optics,"A basketball held 5 cm in front of a single bare incandescent light bulb, casting a shadow on a white wall 2 meters behind it",0,1,WISE historical R3 · 2026-07-19,4,0,0,4,4,structured,False,1,9,0,False,screened_no_match,3,3,False,images/view/r3-856.webp,images/thumb/r3-856.webp,False
r3-871,871,3,Physical Knowledge,Physical Properties,"A wet towel hung on an outdoor clothesline after being soaked in water, left outside at -15°C for 30 minutes",1,1,WISE historical R3 · 2026-07-19,3,0,0,3,3,structured,False,1,6,0,False,screened_no_match,3,3,False,images/view/r3-871.webp,images/thumb/r3-871.webp,False
r3-873,873,3,Physical Knowledge,Physical Properties,A gas kitchen stove burner at the moment the ignition button is pressed,0,0,WISE historical R3 · 2026-07-19,4,0,0,4,4,structured,False,1,6,0,False,screened_no_match,3,3,False,images/view/r3-873.webp,images/thumb/r3-873.webp,False
r3-882,882,3,Chemistry,Combustion,"Within a sealed glass container of carbon dioxide, a burning candle has been left to stand for a while",0,0,WISE historical R3 · 2026-07-19,2,0,0,2,2,structured,False,1,6,0,False,screened_no_match,3,3,False,images/view/r3-882.webp,images/thumb/r3-882.webp,False
r3-906,906,3,Chemistry,Solution Chemical Reaction,A Gold block submerged in hydrochloric acid,0,0,WISE historical R3 · 2026-07-19,3,1,0,4,4,structured,False,1,6,0,False,screened_no_match,3,3,False,images/view/r3-906.webp,images/thumb/r3-906.webp,False
r3-912,912,3,Chemistry,Solution Chemical Reaction,A platinum wire submerged in hydrochloric acid,1,1,WISE historical R3 · 2026-07-19,2,0,0,2,2,structured,False,1,6,0,False,screened_no_match,3,3,False,images/view/r3-912.webp,images/thumb/r3-912.webp,False
r3-919,919,3,Chemistry,Solution Chemical Reaction,"A piece of silver in a solution of copper nitrate, highlighting the state of the solution and the piece of silver",0,1,WISE historical R3 · 2026-07-19,3,1,0,4,4,structured,False,1,6,0,False,screened_no_match,3,3,False,images/view/r3-919.webp,images/thumb/r3-919.webp,False
r3-920,920,3,Chemistry,Solution Chemical Reaction,"A strip of copper in a solution of aluminum sulfate, highlighting the state of the solution and the copper strip",1,1,WISE historical R3 · 2026-07-19,2,1,0,3,3,structured,False,1,6,0,False,screened_no_match,3,3,False,images/view/r3-920.webp,images/thumb/r3-920.webp,False
r3-921,921,3,Chemistry,Solution Chemical Reaction,"A magnesium strip immersed in a solution of copper chloride, highlighting the state of the solution and the magnesium strip",0,1,WISE historical R3 · 2026-07-19,2,1,0,2,3,structured,False,1,3,0,False,screened_no_match,1,1,False,images/view/r3-921.webp,images/thumb/r3-921.webp,False
r3-934,934,3,Chemistry,Solution Chemical Reaction,Aqueous ammonia after litmus indicator has been mixed in,0,0,WISE historical R3 · 2026-07-19,3,1,0,3,4,structured,False,1,6,0,False,screened_no_match,3,3,False,images/view/r3-934.webp,images/thumb/r3-934.webp,False
r3-940,940,3,Chemistry,Solution Chemical Reaction,Excess hydrochloric acid is added to a cloudy limewater solution,0,0,WISE historical R3 · 2026-07-19,2,1,0,2,3,structured,False,1,6,0,False,screened_no_match,3,3,False,images/view/r3-940.webp,images/thumb/r3-940.webp,False
r3-956,956,3,Chemistry,Chemical Properties,A silver salt solution kept protected from light,0,0,WISE historical R3 · 2026-07-19,2,0,0,2,2,structured,False,1,6,0,False,screened_no_match,3,3,False,images/view/r3-956.webp,images/thumb/r3-956.webp,False
r3-959,959,3,Chemistry,Chemical Properties,The same oxidizing salt after it has dissolved into water,0,0,WISE historical R3 · 2026-07-19,2,0,0,2,2,structured,False,1,6,0,False,screened_no_match,3,3,False,images/view/r3-959.webp,images/thumb/r3-959.webp,False
r3-961,961,3,Chemistry,Combustion,Steel wool burning in pure oxygen,1,1,WISE historical R3 · 2026-07-19,4,0,0,4,4,structured,False,1,6,0,False,screened_no_match,3,3,False,images/view/r3-961.webp,images/thumb/r3-961.webp,False
r3-974,974,3,Chemistry,Metal Corrosion,Lead corrosion in sulfuric acid environment,0,1,WISE historical R3 · 2026-07-19,2,2,0,2,4,structured,False,1,6,0,False,screened_no_match,3,3,False,images/view/r3-974.webp,images/thumb/r3-974.webp,False
r3-984,984,3,Chemistry,Solution Chemical Reaction,Sodium acetate supersaturated solution crystallization,0,1,WISE historical R3 · 2026-07-19,4,0,0,4,4,structured,False,1,3,0,False,screened_no_match,2,2,False,images/view/r3-984.webp,images/thumb/r3-984.webp,False
r3-986,986,3,Chemistry,Chemical Properties,Iodine sublimation from solid to vapor,0,1,WISE historical R3 · 2026-07-19,2,0,0,2,2,structured,False,1,6,0,False,screened_no_match,3,3,False,images/view/r3-986.webp,images/thumb/r3-986.webp,False
r3-991,991,3,Chemistry,Chemical Properties,A small piece of sodium placed on the surface of water,0,0,WISE historical R3 · 2026-07-19,2,1,0,2,3,structured,False,1,6,0,False,screened_no_match,3,3,False,images/view/r3-991.webp,images/thumb/r3-991.webp,False
